affiliationid,name,email
au.aalto.fi,Aalto University,aalto.fi
kriot.kth.se,KTH Royal Institute of Technology,kth.se
uocla.ucla.edu,"University of California, Los Angeles",ucla.edu
aei.aei.org,American Enterprise Institute,aei.org
miot.mit.edu,Massachusetts Institute of Technology,mit.edu
ciot.caltech.edu,California Institute of Technology,caltech.edu
hu.harvard.edu,Harvard University,harvard.edu
su.stanford.edu,Stanford University,stanford.edu
uop.upenn.edu,University of Pennsylvania,upenn.edu
ai.amazon.com,Amazon Inc.,amazon.com
au.american.edu,American University,american.edu
ac.amherst.edu,Amherst College,amherst.edu
cmu.cmu.edu,Carnegie Mellon University,cmu.edu
anu.anu.edu.au,Australian National University,anu.edu.au
au.ariel.ac.il,Ariel University,ariel.ac.il
uoa.arizona.edu,University of Arizona,arizona.edu
asu.asu.edu,Arizona State University,asu.edu
frboa.atl.frb.org,Federal Reserve Bank of Atlanta,atl.frb.org
auob.aub.edu.lb,American University of Beirut,aub.edu.lb
au.auburn.edu,Auburn University,auburn.edu
uoa.auckland.ac.nz,University of Auckland,auckland.ac.nz
auoeab.aueb.gr,Athens University of Economics and Business,aueb.gr
auos.aus.edu,American University of Sharjah,aus.edu
uotaa.utexas.edu,University of Texas at Austin,utexas.edu
auot.aut.ac.nz,Auckland University of Technology,aut.ac.nz
hu.uni-heidelberg.de,Heidelberg University,uni-heidelberg.de
yu.yale.edu,Yale University,yale.edu
bc.babson.edu,Babson College,babson.edu
香.cuhk.edu.hk,香港中文大学,cuhk.edu.hk
boc.bankofcanada.ca,Bank of Canada,bankofcanada.ca
boe.bankofengland.co.uk,Bank of England,bankofengland.co.uk
cuony.cuny.edu,City University of New York,cuny.edu
uob.bath.ac.uk,University of Bath,bath.ac.uk
uoh.uh.edu,University of Houston,uh.edu
bu.baylor.edu,Baylor University,baylor.edu
buol.bbk.ac.uk,"Birkbeck, University of London",bbk.ac.uk
bc.bc.edu,Boston College,bc.edu
bcdb.bcb.gov.br,Banco Central do Brasil,bcb.gov.br
bu.bentley.edu,Bentley University,bentley.edu
uocb.berkeley.edu,"University of California, Berkeley",berkeley.edu
uoz.uzh.ch,University of Zurich,uzh.ch
buotn.bgu.ac.il,Ben-Gurion University of the Negev,bgu.ac.il
uob.bham.ac.uk,University of Birmingham,bham.ac.uk
bnbs.bi.no,BI Norwegian Business School,bi.no
bfis.bis.org,Bank for International Settlements,bis.org
bu.biu.ac.il,Bar-Ilan University,biu.ac.il
bl.bloomberg.net,Bloomberg LP,bloomberg.net
frbob.bos.frb.org,Federal Reserve Bank of Boston,bos.frb.org
bdp.bportugal.pt,Banco de Portugal,bportugal.pt
bu.brandeis.edu,Brandeis University,brandeis.edu
uob.bris.ac.uk,University of Bristol,bris.ac.uk
msu.msu.edu,Michigan State University,msu.edu
bu.brocku.ca,Brock University,brocku.ca
bi.brookings.edu,Brookings Institution,brookings.edu
bu.brown.edu,Brown University,brown.edu
au.au.dk,Aarhus University,au.dk
bu.bu.edu,Boston University,bu.edu
uab.buffalo.edu,University at Buffalo,buffalo.edu
db.bundesbank.de,Deutsche Bundesbank,bundesbank.de
uom.miami.edu,University of Miami,miami.edu
uom.olemiss.edu,University of Mississippi,olemiss.edu
uocf.ucf.edu,University of Central Florida,ucf.edu
uow.wisc.edu,University of Wisconsin-Madison,wisc.edu
ru.rutgers.edu,Rutgers University,rutgers.edu
siu.siu.edu,Southern Illinois University,siu.edu
uoc.uconn.edu,University of Connecticut,uconn.edu
uoq.uq.edu.au,University of Queensland,uq.edu.au
uou.utah.edu,University of Utah,utah.edu
uos.uni-stuttgart.de,University of Stuttgart,uni-stuttgart.de
uom.uni-mannheim.de,University of Mannheim,uni-mannheim.de
byu.byu.edu,Brigham Young University,byu.edu
uoc.cam.ac.uk,University of Cambridge,cam.ac.uk
cu.cf.ac.uk,Cardiff University,cf.ac.uk
cu.carleton.ca,Carleton University,carleton.ca
cca.carloalberto.org,Collegio Carlo Alberto,carloalberto.org
cwru.case.edu,Case Western Reserve University,case.edu
cu.cau.ac.kr,Chung-Ang University,cau.ac.kr
uoa.ua.edu,University of Alabama,ua.edu
uof.ufl.edu,University of Florida,ufl.edu
cbs.cbs.dk,Copenhagen Business School,cbs.dk
cfdcap.cdc.gov,Centers for Disease Control and Prevention,cdc.gov
ceibs.ceibs.edu,China Europe International Business School,ceibs.edu
cfmafs(.cemfi.es,Center for Monetary and Financial Studies (CEMFI),cemfi.es
ucb.census.gov,U.S. Census Bureau,census.gov
c.cerge-ei.cz,CERGE-EI,cerge-ei.cz
ceu.ceu.hu,Central European University,ceu.hu
ccgfiar.cgiar.org,CGIAR: Consultative Group for International Agricultural Research,cgiar.org
cgu.cgu.edu,Claremont Graduate University,cgu.edu
cu.chapman.edu,Chapman University,chapman.edu
uot.utoronto.ca,University of Toronto,utoronto.ca
frboc.frbchi.org,Federal Reserve Bank of Chicago,frbchi.org
uoc.uchicago.edu,University of Chicago,uchicago.edu
au.univ-amu.fr,Aix-Marseille University,univ-amu.fr
cul.city.ac.uk,City University London,city.ac.uk
香.cityu.edu.hk,香港城市大学,cityu.edu.hk
cu.clarku.edu,Clark University,clarku.edu
cu.clemson.edu,Clemson University,clemson.edu
frboc.clev.frb.org,Federal Reserve Bank of Cleveland,clev.frb.org
cmc.cmc.edu,Claremont McKenna College,cmc.edu
fsu.fsu.edu,Florida State University,fsu.edu
uocb.colorado.edu,"University of Colorado, Boulder",colorado.edu
csu.colostate.edu,Colorado State University,colostate.edu
cu.columbia.edu,Columbia University,columbia.edu
cu.concordia.ca,Concordia University,concordia.ca
香.hku.hk,香港大学,hku.hk
cu.cornell.edu,Cornell University,cornell.edu
smu.smu.edu,Southern Methodist University,smu.edu
cdreei.crei.cat,Centre de Recerca en Economia Internacional,crei.cat
uot.u-tokyo.ac.jp,University of Tokyo,u-tokyo.ac.jp
csun.csun.edu,"California State University, Northridge",csun.edu
cuofae.cufe.edu.cn,Central University of Finance and Economics,cufe.edu.cn
du.dal.ca,Dalhousie University,dal.ca
frbod.dal.frb.org,Federal Reserve Bank of Dallas,dal.frb.org
uov.virginia.edu,University of Virginia,virginia.edu
dc.dartmouth.edu,Dartmouth College,dartmouth.edu
du.depaul.edu,DePaul University,depaul.edu
desr.deshawresearch.com,D. E. Shaw Research,deshawresearch.com
dc.dickinson.edu,Dickinson College,dickinson.edu
uof.unifi.it,University of Florence,unifi.it
du.drake.edu,Drake University,drake.edu
du.drexel.edu,Drexel University,drexel.edu
uod.du.edu,University of Denver,du.edu
uod.udn.vn,University of Danang,udn.vn
du.duke.edu,Duke University,duke.edu
du.dur.ac.uk,Durham University,dur.ac.uk
ecjrc.europa.eu,"European Commission, Joint Research Centre",europa.eu
ucidm.uc3m.es,Universidad Carlos III de Madrid,uc3m.es
uoh.haifa.ac.il,University of Haifa,haifa.ac.il
ku.keio.ac.jp,Keio University,keio.ac.jp
uoc.ku.dk,University of Copenhagen,ku.dk
ku.kyoto-u.ac.jp,Kyoto University,kyoto-u.ac.jp
uom.lmu.de,University of Munich,lmu.de
qu.queensu.ca,Queen's University,queensu.ca
uocsb.ucsb.edu,"University of California, Santa Barbara",ucsb.edu
uoo.uio.no,University of Oslo,uio.no
uom.umd.edu,University of Maryland,umd.edu
yu.yorku.ca,York University,yorku.ca
tau.tamu.edu,Texas A&M University,tamu.edu
uog.gu.se,University of Gothenburg,gu.se
uoo.ox.ac.uk,University of Oxford,ox.ac.uk
uoma.umass.edu,"University of Massachusetts, Amherst",umass.edu
uoe.ed.ac.uk,University of Edinburgh,ed.ac.uk
ebs.edhec.edu,EDHEC Business School,edhec.edu
uotbc.ehu.es,University of the Basque Country,ehu.es
eu.elon.edu,Elon University,elon.edu
gwu.gwu.edu,George Washington University,gwu.edu
uoncach.unc.edu,University of North Carolina at Chapel Hill,unc.edu
eu.emory.edu,Emory University,emory.edu
edpp.enpc.fr,Ecole des Ponts ParisTech,enpc.fr
ep.ensae.fr,ENSAE ParisTech,ensae.fr
sfiotil.epfl.ch,Swiss Federal Institute of Technology in Lausanne,epfl.ch
ebs.esade.edu,ESADE Business School,esade.edu
ee.escpeurope.eu,ESCP Europe,escpeurope.eu
eur.eur.nl,Erasmus University Rotterdam,eur.nl
ebs.essec.edu,ESSEC Business School,essec.edu
uoe.essex.ac.uk,University of Essex,essex.ac.uk
ez.ethz.ch,ETH Zürich,ethz.ch
eui.eui.eu,European University Institute,eui.eu
uoe.exeter.ac.uk,University of Exeter,exeter.ac.uk
uol.uni.lu,University of Luxembourg,uni.lu
iu.ie.edu,IE University,ie.edu
fu.fairfield.edu,Fairfield University,fairfield.edu
faao.fao.org,Food and Agriculture Organization,fao.org
fau.fau.edu,Florida Atlantic University,fau.edu
fgcu.fgcu.edu,Florida Gulf Coast University,fgcu.edu
nioph.fhi.no,Norwegian Institute of Public Health,fhi.no
guf.uni-frankfurt.de,Goethe University Frankfurt,uni-frankfurt.de
osu.osu.edu,Ohio State University,osu.edu
run.ru.nl,"Radboud University, Nijmegen",ru.nl
uob.bg.ac.rs,University of Belgrade,bg.ac.rs
fu.fordham.edu,Fordham University,fordham.edu
ufrb.frb.gov,US Federal Reserve Board,frb.gov
fsof&m.fs.de,Frankfurt School of Finance & Management,fs.de
cuip.cuni.cz,Charles University in Prague,cuni.cz
复.fudan.edu.cn,复旦大学,fudan.edu.cn
uok.uky.edu,University of Kentucky,uky.edu
gc.gcsu.edu,Georgia College,gcsu.edu
gu.georgetown.edu,Georgetown University,georgetown.edu
uog.gla.ac.uk,University of Glasgow,gla.ac.uk
sut.scu.edu.tw,"Soochow University, Taipei",scu.edu.tw
gmu.gmu.edu,George Mason University,gmu.edu
gi.google.com,Google Inc.,google.com
gioiads.graduateinstitute.ch,Graduate Institute of International and Development Studies,graduateinstitute.ch
gu.griffith.edu.au,Griffith University,griffith.edu.au
gc.grinnell.edu,Grinnell College,grinnell.edu
ngifps.grips.ac.jp,National Graduate Institute for Policy Studies,grips.ac.jp
北.pku.edu.cn,北京大学,pku.edu.cn
gsu.gsu.edu,Georgia State University,gsu.edu
hsoe.hanken.fi,Hanken School of Economics,hanken.fi
uoh.hawaii.edu,University of Hawaii,hawaii.edu
uob.uni-bonn.de,University of Bonn,uni-bonn.de
uosc.usc.edu,University of Southern California,usc.edu
hp.hec.fr,HEC Paris,hec.fr
ssoe.hhs.se,Stockholm School of Economics,hhs.se
hkbu.hkbu.edu.hk,Hong Kong Baptist University,hkbu.edu.hk
hu.hofstra.edu,Hofstra University,hofstra.edu
hu.hit-u.ac.jp,Hitotsubashi University,hit-u.ac.jp
huoj.huji.ac.il,Hebrew University of Jerusalem,huji.ac.il
ifer.iab.de,Institute for Employment Research,iab.de
idb.iadb.org,Inter-American Development Bank,iadb.org
snrc.csic.es,Spanish National Research Council,csic.es
ifas.ias.edu,Institute for Advanced Study,ias.edu
isu.iastate.edu,Iowa State University,iastate.edu
icl.imperial.ac.uk,Imperial College London,imperial.ac.uk
ich.idc.ac.il,"Interdisciplinary Center, Herzliya",idc.ac.il
nu.northwestern.edu,Northwestern University,northwestern.edu
ibs.iese.edu,IESE Business School,iese.edu
uu.uu.se,Uppsala University,uu.se
ii.ifo.de,Ifo Institute,ifo.de
kiftwe.ifw-kiel.de,Kiel Institute for the World Economy,ifw-kiel.de
su.su.se,Stockholm University,su.se
uoiau.uiuc.edu,University of Illinois at Urbana-Champaign,uiuc.edu
iifmdl.imd.org,"International Institute for Management Development, Lausanne",imd.org
imf.imf.org,International Monetary Fund,imf.org
iu.iu.edu,Indiana University,iu.edu
i.insead.edu,INSEAD,insead.edu
isob.isb.edu,Indian School of Business,isb.edu
ou.osaka-u.ac.jp,Osaka University,osaka-u.ac.jp
isi.isical.ac.in,Indian Statistical Institute,isical.ac.in
nrcoi.cnr.it,National Research Council of Italy,cnr.it
giot.gatech.edu,Georgia Institute of Technology,gatech.edu
iupu.iupui.edu,Indiana University Purdue University,iupui.edu
uowo.uwo.ca,University of Western Ontario,uwo.ca
iftsol.iza.org,Institute for the Study of Labor,iza.org
jhu.jhu.edu,Johns Hopkins University,jhu.edu
jkul.jku.at,"Johannes Kepler University, Linz",jku.at
ju.ju.edu,Jacksonville University,ju.edu
kaiosat.kaist.edu,Korea Advanced Institute of Science and Technology,kaist.edu
uop.pitt.edu,University of Pittsburgh,pitt.edu
frbokc.kc.frb.org,Federal Reserve Bank of Kansas City,kc.frb.org
kcl.kcl.ac.uk,King's College London,kcl.ac.uk
ksu.kennesaw.edu,Kennesaw State University,kennesaw.edu
uok.kent.ac.uk,University of Kent,kent.ac.uk
ksu.kent.edu,Kent State University,kent.edu
kiot.kit.edu,Karlsruhe Institute of Technology,kit.edu
ku.kobe-u.ac.jp,Kobe University,kobe-u.ac.jp
ku.korea.ac.kr,Korea University,korea.ac.kr
uob.unibe.ch,University of Bern,unibe.ch
haos.mta.hu,Hungarian Academy of Sciences,mta.hu
ksu.ksu.edu,Kansas State University,ksu.edu
uok.ku.edu,University of Kansas,ku.edu
kul.kuleuven.be,"Katholieke Universiteit, Leuven",kuleuven.be
kgu.kwansei.ac.jp,Kwansei Gakuin University,kwansei.ac.jp
lu.lancaster.ac.uk,Lancaster University,lancaster.ac.uk
lbnl.lbl.gov,Lawrence Berkeley National Laboratory,lbl.gov
uol.le.ac.uk,University of Leicester,le.ac.uk
lu.lehigh.edu,Lehigh University,lehigh.edu
uol.liv.ac.uk,University of Liverpool,liv.ac.uk
pdu.univ-paris-diderot.fr,Paris Diderot University,univ-paris-diderot.fr
lu.ln.edu.hk,Lingnan University,ln.edu.hk
lbs.london.edu,London Business School,london.edu
uol.louisville.edu,University of Louisville,louisville.edu
lsoe.lse.ac.uk,London School of Economics,lse.ac.uk
lsu.lsu.edu,Louisiana State University,lsu.edu
luc.luc.edu,Loyola University Chicago,luc.edu
lgc.luiss.it,LUISS Guido Carli,luiss.it
mu.maastrichtuniversity.nl,Maastricht University,maastrichtuniversity.nl
mu.mahidol.ac.th,Mahidol University,mahidol.ac.th
jnu.jnu.ac.in,Jawaharlal Nehru University,jnu.ac.in
suofae.shufe.edu.cn,Shanghai University of Finance and Economics,shufe.edu.cn
uobc.ubc.ca,University of British Columbia,ubc.ca
中.ustc.edu.cn,中国科学技术大学,ustc.edu.cn
wvu.wvu.edu,West Virginia University,wvu.edu
uom.manchester.ac.uk,University of Manchester,manchester.ac.uk
mu.massey.ac.nz,Massey University,massey.ac.nz
mu.mcmaster.ca,McMaster University,mcmaster.ca
uom.unimelb.edu.au,University of Melbourne,unimelb.edu.au
mu.mcgill.ca,McGill University,mcgill.ca
muoo.miamioh.edu,Miami University of Ohio,miamioh.edu
mc.microsoft.com,Microsoft Corporation,microsoft.com
mc.middlebury.edu,Middlebury College,middlebury.edu
uom.missouri.edu,University of Missouri,missouri.edu
tmu.modares.ac.ir,Tarbiat Modares University,modares.ac.ir
mu.monash.edu,Monash University,monash.edu
msu.montana.edu,Montana State University,montana.edu
uosc.sc.edu,University of South Carolina,sc.edu
uom.umn.edu,University of Minnesota,umn.edu
mu.mq.edu.au,Macquarie University,mq.edu.au
msu.msstate.edu,Mississippi State University,msstate.edu
mu.marquette.edu,Marquette University,marquette.edu
muosc.musc.edu,Medical University of South Carolina,musc.edu
国.nthu.edu.tw,国立清华大学,nthu.edu.tw
ncsu.ncsu.edu,North Carolina State University,ncsu.edu
uond.nd.edu,University of Notre Dame,nd.edu
lu.lu.se,Lund University,lu.se
nes.nes.ru,New Economic School,nes.ru
n.netflix.com,Netflix,netflix.com
nub.neu.edu,"Northeastern University, Boston",neu.edu
uon.newcastle.edu.au,University of Newcastle,newcastle.edu.au
nsfsr.newschool.edu,New School for Social Research,newschool.edu
nioeasr.niesr.ac.uk,National Institute of Economic and Social Research,niesr.ac.uk
niu.niu.edu,Northern Illinois University,niu.edu
nu.nju.edu.cn,Nanjing University,nju.edu.cn
uon.nottingham.ac.uk,University of Nottingham,nottingham.ac.uk
nsobae.novasbe.pt,Nova School of Business and Economics,novasbe.pt
nps.nps.edu,Naval Postgraduate School,nps.edu
nuosat.ntnu.no,Norwegian University of Science and Technology,ntnu.no
南.ntu.edu.sg,南洋理工大学,ntu.edu.sg
国.ntu.edu.tw,国立台湾大学,ntu.edu.tw
nu.nu.edu.kz,Nazarbayev University,nu.edu.kz
nuos.nus.edu.sg,National University of Singapore,nus.edu.sg
frbony.ny.frb.org,Federal Reserve Bank of New York,ny.frb.org
nyu.nyu.edu,New York University,nyu.edu
ou.oakland.edu,Oakland University,oakland.edu
ootcotc.treas.gov,Office of the Comptroller of the Currency,treas.gov
ofecad.oecd.org,Organisation for Economic Co-operation and Development,oecd.org
ouoi.openu.ac.il,Open University of Israel,openu.ac.il
osu.oregonstate.edu,Oregon State University,oregonstate.edu
uoo.ou.edu,University of Oklahoma,ou.edu
vu.vanderbilt.edu,Vanderbilt University,vanderbilt.edu
ou.ozyegin.edu.tr,Ozyegin University,ozyegin.edu.tr
parc.parc.com,Palo Alto Research Center,parc.com
psoe.parisschoolofeconomics.eu,Paris School of Economics,parisschoolofeconomics.eu
清.tsinghua.edu.cn,清华大学,tsinghua.edu.cn
uop.pdn.ac.lk,University of Peradeniya,pdn.ac.lk
frbop.phil.frb.org,Federal Reserve Bank of Philadelphia,phil.frb.org
pifcir.pik-potsdam.de,Potsdam Institute for Climate Impact Research,pik-potsdam.de
puom.polimi.it,Polytechnic University of Milan,polimi.it
pdt.polito.it,Politecnico di Torino,polito.it
ep.polytechnique.edu,Ecole Polytechnique,polytechnique.edu
香.polyu.hk,香港理工大学,polyu.hk
pc.pomona.edu,Pomona College,pomona.edu
tau.tau.ac.il,Tel Aviv University,tau.ac.il
pu.princeton.edu,Princeton University,princeton.edu
phehpns8ag{t144prt3c.保存,"Prof. Hester Eisenstein hester1@ prodigy. net Soc. 83300–GENDER and GLOBALIZATION {23377} Tuesdays, 11: 45–1: 45 pm, Room TBA, 3 credits",保存
psu.psu.edu,Pennsylvania State University,psu.edu
pu.purdue.edu,Purdue University,purdue.edu
qmuol.qmul.ac.uk,Queen Mary University of London,qmul.ac.uk
qub.qub.ac.uk,Queen's University Belfast,qub.ac.uk
quot.qut.edu.au,Queensland University of Technology,qut.edu.au
uor.reading.ac.uk,University of Reading,reading.ac.uk
rftfwd.rff.org,"Resources for the Future, Washington DC",rff.org
rhuol.rhul.ac.uk,"Royal Holloway, University of London",rhul.ac.uk
ru.rice.edu,Rice University,rice.edu
frbor.rich.frb.org,Federal Reserve Bank of Richmond,rich.frb.org
uor.richmond.edu,University of Richmond,richmond.edu
ruoc.ruc.edu.cn,Renmin University of China,ruc.edu.cn
uor.rochester.edu,University of Rochester,rochester.edu
rpi.rpi.edu,Rensselaer Polytechnic Institute,rpi.edu
rsftpob.rspb.org.uk,Royal Society for the Protection of Birds,rspb.org.uk
uog.rug.nl,University of Groningen,rug.nl
su.sabanciuniv.edu,Sabanci University,sabanciuniv.edu
上.sjtu.edu.cn,上海交通大学,sjtu.edu.cn
uosd.sdu.dk,University of Southern Denmark,sdu.dk
sfi.santafe.edu,Santa Fe Institute,santafe.edu
sii.sas.com,SAS Institute Inc,sas.com
sp.sciencespo.fr,Sciences Po,sciencespo.fr
scu.scu.edu,Santa Clara University,scu.edu
su.sdu.edu.cn,Shandong University,sdu.edu.cn
frbosf.sf.frb.org,Federal Reserve Bank of San Francisco,sf.frb.org
sfu.sfu.ca,Simon Fraser University,sfu.ca
uos.shef.ac.uk,University of Sheffield,shef.ac.uk
shu.shu.edu,Seton Hall University,shu.edu
siue.siue.edu,"Southern Illinois University, Edwardsville",siue.edu
sbs.skema.edu,SKEMA Business School,skema.edu
smu.smu.edu.sg,Singapore Management University,smu.edu.sg
snu.snu.ac.kr,Seoul National University,snu.ac.kr
su.sogang.ac.kr,Sogang University,sogang.ac.kr
uos.soton.ac.uk,University of Southampton,soton.ac.uk
spu.spu.edu,Seattle Pacific University,spu.edu
sn.ssb.no,Statistics Norway,ssb.no
uosa.st-andrews.ac.uk,University of St Andrews,st-andrews.ac.uk
siot.stevens.edu,Stevens Institute of Technology,stevens.edu
uos.stir.ac.uk,University of Stirling,stir.ac.uk
frbosl.stls.frb.org,Federal Reserve Bank of St. Louis,stls.frb.org
suonyasb.stonybrook.edu,State University of New York at Stony Brook,stonybrook.edu
uos.strath.ac.uk,University of Strathclyde,strath.ac.uk
su.suffolk.edu,Suffolk University,suffolk.edu
uos.surrey.ac.uk,University of Surrey,surrey.ac.uk
uos.sussex.ac.uk,University of Sussex,sussex.ac.uk
suofae.swufe.edu.cn,Southwestern University of Finance and Economics,swufe.edu.cn
uos.sydney.edu.au,University of Sydney,sydney.edu.au
su.syr.edu,Syracuse University,syr.edu
tbs.tbs-education.fr,Toulouse Business School,tbs-education.fr
tu.tu.ac.th,Thammasat University,tu.ac.th
tcd.tcd.ie,Trinity College Dublin,tcd.ie
tcu.tcu.edu,Texas Christian University,tcu.edu
t.technion.ac.il,Technion,technion.ac.il
tu.temple.edu,Temple University,temple.edu
tu.tilburguniversity.edu,Tilburg University,tilburguniversity.edu
tu.towson.edu,Towson University,towson.edu
tsoe.univ-tlse1.fr,Toulouse School of Economics,univ-tlse1.fr
ttu.ttu.edu,Texas Tech University,ttu.edu
tuot.ttu.ee,Tallinn University of Technology,ttu.ee
tu.tufts.edu,Tufts University,tufts.edu
tu.tulane.edu,Tulane University,tulane.edu
tuom.tum.de,Technical University of Munich,tum.de
vuot.tuwien.ac.at,Vienna University of Technology,tuwien.ac.at
uow.uw.edu,University of Washington,uw.edu
uoa.uantwerpen.be,University of Antwerp,uantwerpen.be
auob.uab.cat,Autonomous University of Barcelona,uab.cat
uoa.ualberta.ca,University of Alberta,ualberta.ca
udlas.uandes.cl,"Universidad de los Andes, Santiago",uandes.cl
uoa.uark.edu,University of Arkansas,uark.edu
uob.ub.edu,University of Barcelona,ub.edu
pcuoc.puc.cl,Pontifical Catholic University of Chile,puc.cl
uoc.uc.edu,University of Cincinnati,uc.edu
uoc.ucalgary.ca,University of Calgary,ucalgary.ca
uocaos.ucas.ac.cn,University of Chinese Academy of Sciences,ucas.ac.cn
ucd.ucd.ie,University College Dublin,ucd.ie
uocd.ucdavis.edu,"University of California, Davis",ucdavis.edu
uocd.ucdenver.edu,University of Colorado Denver,ucdenver.edu
uoci.uci.edu,"University of California, Irvine",uci.edu
ucl.ucl.ac.uk,University College London,ucl.ac.uk
uocm.ucmerced.edu,"University of California, Merced",ucmerced.edu
uocr.ucr.edu,"University of California, Riverside",ucr.edu
uocsc.ucsc.edu,"University of California, Santa Cruz",ucsc.edu
uocsd.ucsd.edu,"University of California, San Diego",ucsd.edu
uoc.ucy.ac.cy,University of Cyprus,ucy.ac.cy
uod.udayton.edu,University of Dayton,udayton.edu
uod.udel.edu,University of Delaware,udel.edu
uoea.uea.ac.uk,University of East Anglia,uea.ac.uk
uog.ug.edu.gh,University of Ghana,ug.edu.gh
uog.uga.edu,University of Georgia,uga.edu
gu.ugent.be,Ghent University,ugent.be
uoibae.uibe.edu.cn,University of International Business and Economics,uibe.edu.cn
uoi.uibk.ac.at,University of Innsbruck,uibk.ac.at
uoiac.uic.edu,University of Illinois at Chicago,uic.edu
uoi.uiowa.edu,University of Iowa,uiowa.edu
uos.uis.no,University of Stavanger,uis.no
uok.ukzn.ac.za,University of KwaZulu-Natal,ukzn.ac.za
uol.uleth.ca,University of Lethbridge,uleth.ca
uom.um.es,University of Murcia,um.es
uom.umich.edu,University of Michigan,umich.edu
uomc.umkc.edu,University of Missouri-Kansas City,umkc.edu
uoml.uml.edu,"University of Massachusetts, Lowell",uml.edu
uom.umontreal.ca,University of Montreal,umontreal.ca
un.un.org,United Nations,un.org
uon.unamur.be,University of Namur,unamur.be
uoncac.uncc.edu,University of North Carolina at Charlotte,uncc.edu
uoncag.uncg.edu,University of North Carolina at Greensboro,uncg.edu
uob.uni-bayreuth.de,University of Bayreuth,uni-bayreuth.de
uob.uni-bremen.de,University of Bremen,uni-bremen.de
uoh.uni-hamburg.de,University of Hamburg,uni-hamburg.de
uoh.uni-hohenheim.de,University of Hohenheim,uni-hohenheim.de
uok.uni-konstanz.de,University of Konstanz,uni-konstanz.de
uow.uni-wuerzburg.de,University of Würzburg,uni-wuerzburg.de
uob.uniba.it,University of Bari,uniba.it
uob.unibas.ch,University of Basel,unibas.ch
uob.unibg.it,University of Bergamo,unibg.it
uob.unibo.it,University of Bologna,unibo.it
bu.unibocconi.it,Bocconi University,unibocconi.it
fuob.unibz.it,Free University of Bozen-Bolzano,unibz.it
uof.unifr.ch,University of Fribourg,unifr.ch
uog.unige.ch,University of Geneva,unige.ch
uol.unil.ch,University of Lausanne,unil.ch
uom.unimi.it,University of Milan,unimi.it
uonfi.unina.it,University of Naples Federico II,unina.it
uop.unipd.it,University of Padova,unipd.it
uop.unipg.it,University of Perugia,unipg.it
uop.unipi.gr,University of Piraeus,unipi.gr
suor.uniroma1.it,Sapienza University of Rome,uniroma1.it
uortv.uniroma2.it,University of Rome Tor Vergata,uniroma2.it
uosg.unisg.ch,University of St. Gallen,unisg.ch
uos.unistra.fr,University of Strasbourg,unistra.fr
uot.unitn.it,University of Trento,unitn.it
uov.univie.ac.at,University of Vienna,univie.ac.at
uon.unl.edu,University of Nebraska-Lincoln,unl.edu
uonlv.unlv.edu,"University of Nevada, Las Vegas",unlv.edu
uono.uno.edu,University of New Orleans,uno.edu
uonsw.unsw.edu.au,University of New South Wales,unsw.edu.au
uont.unt.edu,University of North Texas,unt.edu
uog.uoguelph.ca,University of Guelph,uoguelph.ca
uoo.uoregon.edu,University of Oregon,uoregon.edu
uoo.uottawa.ca,University of Ottawa,uottawa.ca
pfu.upf.edu,Pompeu Fabra University,upf.edu
ui.urban.org,Urban Institute,urban.org
uori.uri.edu,University of Rhode Island,uri.edu
udr.urosario.edu.co,Universidad del Rosario,urosario.edu.co
uosdc.usc.es,University of Santiago de Compostela,usc.es
udoa.usda.gov,US Department of Agriculture,usda.gov
uosf.usf.edu,University of South Florida,usf.edu
uol.usi.ch,University of Lugano,usi.ch
uosp.usp.br,University of São Paulo,usp.br
香.ust.hk,香港科技大学,ust.hk
usu.usu.edu,Utah State University,usu.edu
uotaa.uta.edu,University of Texas at Arlington,uta.edu
uotad.utdallas.edu,University of Texas at Dallas,utdallas.edu
uot.utk.edu,University of Tennessee,utk.edu
uots.uts.edu.au,University of Technology Sydney,uts.edu.au
uotasa.utsa.edu,University of Texas at San Antonio,utsa.edu
uu.uu.nl,Utrecht University,uu.nl
uov.uv.es,University of Valencia,uv.es
uoa.uva.nl,University of Amsterdam,uva.nl
uov.uvic.ca,University of Victoria,uvic.ca
udv.uvigo.es,Universidad de Vigo,uvigo.es
uowa.uwa.edu.au,University of Western Australia,uwa.edu.au
uow.uwaterloo.ca,University of Waterloo,uwaterloo.ca
uow.uwm.edu,University of Wisconsin-Milwaukee,uwm.edu
uow.uwyo.edu,University of Wyoming,uwyo.edu
vc.vassar.edu,Vassar College,vassar.edu
vcu.vcu.edu,Virginia Commonwealth University,vcu.edu
vu.villanova.edu,Villanova University,villanova.edu
vpiasu.vt.edu,Virginia Polytechnic Institute and State University,vt.edu
vu.vu.edu.au,Victoria University,vu.edu.au
vua.vu.nl,VU University Amsterdam,vu.nl
uow.waikato.ac.nz,University of Waikato,waikato.ac.nz
uow.warwick.ac.uk,University of Warwick,warwick.ac.uk
wu.waseda.jp,Waseda University,waseda.jp
wsu.wayne.edu,Wayne State University,wayne.edu
wc.wellesley.edu,Wellesley College,wellesley.edu
wu.wesleyan.edu,Wesleyan University,wesleyan.edu
wfu.wfu.edu,Wake Forest University,wfu.edu
w-obsom.whu.edu,WHU - Otto Beisheim School of Management,whu.edu
wu.whu.edu.cn,Wuhan University,whu.edu.cn
wifaaas.wias-berlin.de,Weierstrass Institute for Applied Analysis and Stochastics,wias-berlin.de
wsu.wichita.edu,Wichita State University,wichita.edu
wc.williams.edu,Williams College,williams.edu
jlug.uni-giessen.de,Justus Liebig University Giessen,uni-giessen.de
uom.uni-muenster.de,University of Münster,uni-muenster.de
wlu.wlu.ca,Wilfrid Laurier University,wlu.ca
cowam.wm.edu,College of William and Mary,wm.edu
wneu.wne.edu,Western New England University,wne.edu
wb.worldbank.org,World Bank,worldbank.org
wsu.wsu.edu,Washington State University,wsu.edu
vuoeab.wu.ac.at,Vienna University of Economics and Business,wu.ac.at
wuisl.wustl.edu,Washington University in St. Louis,wustl.edu
wwu.wwu.edu,Western Washington University,wwu.edu
wbssc.wzb.eu,WZB Berlin Social Science Center,wzb.eu
xu.xmu.edu.cn,Xiamen University,xmu.edu.cn
yc.yale-nus.edu.sg,Yale-NUS College,yale-nus.edu.sg
yu.yonsei.ac.kr,Yonsei University,yonsei.ac.kr
uoy.york.ac.uk,University of York,york.ac.uk
aecom.yu.edu,Albert Einstein College of Medicine,yu.edu
asu.appstate.edu,Appalachian State University,appstate.edu
au.aston.ac.uk,Aston University,aston.ac.uk
bc.bates.edu,Bates College,bates.edu
bu.binghamton.edu,Binghamton University,binghamton.edu
bsu.boisestate.edu,Boise State University,boisestate.edu
bsu.bsu.edu,Ball State University,bsu.edu
cpsuslo.calpoly.edu,"California Polytechnic State University, San Luis Obispo",calpoly.edu
cc.canisius.edu,Canisius College,canisius.edu
uoc.canterbury.ac.nz,University of Canterbury,canterbury.ac.nz
c.citadel.edu,Citadel,citadel.edu
cu.cqu.edu.cn,Chongqing University,cqu.edu.cn
csueb.csueastbay.edu,California State University East Bay,csueastbay.edu
csu.csuohio.edu,Cleveland State University,csuohio.edu
rau.rwth-aachen.de,RWTH Aachen University,rwth-aachen.de
hu.hanyang.ac.kr,Hanyang University,hanyang.ac.kr
cnu.jbnu.ac.kr,Chonbuk National University,jbnu.ac.kr
khu.khu.ac.kr,Kyung Hee University,khu.ac.kr
lc.lafayette.edu,Lafayette College,lafayette.edu
lu.lnu.se,Linnaeus University,lnu.se
sdsu.sdsu.edu,San Diego State University,sdsu.edu
uom.maine.edu,University of Maine,maine.edu
csom.mines.edu,Colorado School of Mines,mines.edu
nuoim.nuim.ie,"National University of Ireland, Maynooth",nuim.ie
uoaab.uab.edu,University of Alabama at Birmingham,uab.edu
qu.qu.edu.qa,Qatar University,qu.edu.qa
rc.rand.org,RAND Corporation,rand.org
su.skku.edu,Sungkyunkwan University,skku.edu
sc.smith.edu,Smith College,smith.edu
uosa.southalabama.edu,University of South Alabama,southalabama.edu
sc.stonehill.edu,Stonehill College,stonehill.edu
sc.swarthmore.edu,Swarthmore College,swarthmore.edu
euot.tue.nl,Eindhoven University of Technology,tue.nl
ubd.ubd.edu.bn,Universiti Brunei Darussalam,ubd.edu.bn
ucc.ucc.ie,University College Cork,ucc.ie
uomb.umb.edu,University of Massachusetts Boston,umb.edu
uombc.umbc.edu,"University of Maryland, Baltimore County",umbc.edu
umk.umk.edu.my,Universiti Malaysia Kelantan,umk.edu.my
nuoc.unal.edu.co,National University of Colombia,unal.edu.co
uonb.unb.ca,University of New Brunswick,unb.ca
uonh.unh.edu,University of New Hampshire,unh.edu
cuob.uni-corvinus.hu,Corvinus University of Budapest,uni-corvinus.hu
uop.unipi.it,University of Pisa,unipi.it
uonm.unm.edu,University of New Mexico,unm.edu
uonr.unr.edu,"University of Nevada, Reno",unr.edu
uosf.usfca.edu,University of San Francisco,usfca.edu
uow.uw.edu.pl,University of Warsaw,uw.edu.pl
wc.wabash.edu,Wabash College,wabash.edu
uoa.adelaide.edu.au,University of Adelaide,adelaide.edu.au
obu.brookes.ac.uk,Oxford Brookes University,brookes.ac.uk
cu.curtin.edu.au,Curtin University,curtin.edu.au
emu.emu.edu.tr,Eastern Mediterranean University,emu.edu.tr
uond.und.edu,University of North Dakota,und.edu
sooaasl.soas.ac.uk,"School of Oriental and African Studies, London",soas.ac.uk
du.deakin.edu.au,Deakin University,deakin.edu.au
中.sinica.edu.tw,中央研究院,sinica.edu.tw
emu.emich.edu,Eastern Michigan University,emich.edu
ftc.ftc.gov,Federal Trade Commission,ftc.gov
iiomc.iimcal.ac.in,"Indian Institute of Management, Calcutta",iimcal.ac.in
iiot.iit.edu,Illinois Institute of Technology,iit.edu
su.uni-saarland.de,Saarland University,uni-saarland.de
nuoeat.neduet.edu.pk,NED University of Engineering and Technology,neduet.edu.pk
utp.petronas.com.my,Universiti Teknologi PETRONAS,petronas.com.my
sns.sns.it,Scuola Normale Superiore,sns.it
bu.uni-bielefeld.de,Bielefeld University,uni-bielefeld.de
uot.uni-tuebingen.de,University of Tübingen,uni-tuebingen.de
uom.unimib.it,University of Milano-Bicocca,unimib.it
uos.unisi.it,University of Siena,unisi.it
uov.univr.it,University of Verona,univr.it
updo.upo.es,Universidad Pablo de Olavide,upo.es
uot.utwente.nl,University of Twente,utwente.nl
adb.adb.org,Asian Development Bank,adb.org
ai.adobe.com,Adobe Inc,adobe.com
a.agroparistech.fr,AgroParisTech,agroparistech.fr
aifr.air.org,American Institutes for Research,air.org
uaa.albany.edu,University at Albany,albany.edu
bgsu.bgsu.edu,Bowling Green State University,bgsu.edu
bu.bilkent.edu.tr,Bilkent University,bilkent.edu.tr
ubols.bls.gov,US Bureau of Labor Statistics,bls.gov
bu.boun.edu.tr,Bogazici University,boun.edu.tr
bsu.bowiestate.edu,Bowie State University,bowiestate.edu
bu.bracu.ac.bd,BRAC University,bracu.ac.bd
cc.carleton.edu,Carleton College,carleton.edu
cc.centre.edu,Centre College,centre.edu
cfgd.cgdev.org,Center for Global Development,cgdev.org
cu.clarkson.edu,Clarkson University,clarkson.edu
cmu.cmich.edu,Central Michigan University,cmich.edu
cu.colgate.edu,Colgate University,colgate.edu
ncut.ncu.edu.tw,"National Central University, Taiwan",ncu.edu.tw
mpifdr.demogr.mpg.de,Max Planck Institute for Demographic Research,demogr.mpg.de
du.denison.edu,Denison University,denison.edu
nb.dnb.nl,Nederlandsche Bank,dnb.nl
uob.unibs.it,University of Brescia,unibs.it
uob.uib.no,University of Bergen,uib.no
nuolp.unlp.edu.ar,National University of La Plata,unlp.edu.ar
edf.edf.org,Environmental Defense Fund,edf.org
uepa.epa.gov,US Environmental Protection Agency,epa.gov
epri.epri.com,Electric Power Research Institute,epri.com
eesomat.esmt.org,ESMT European School of Management and Technology,esmt.org
uoe.uni-erlangen.de,University of Erlangen-Nuremberg,uni-erlangen.de
fi.fb.com,Facebook Inc.,fb.com
uop.up.pt,University of Porto,up.pt
csuf.fullerton.edu,"California State University, Fullerton",fullerton.edu
riot.rit.edu,Rochester Institute of Technology,rit.edu
ge.ge.com,General Electric,ge.com
gvsu.gvsu.edu,Grand Valley State University,gvsu.edu
hc.hamilton.edu,Hamilton College,hamilton.edu
hsog.hertie-school.org,Hertie School of Governance,hertie-school.org
hu.howard.edu,Howard University,howard.edu
hu.hw.ac.uk,Heriot-Watt University,hw.ac.uk
isom.ieseg.fr,IESEG School of Management,ieseg.fr
isu.ilstu.edu,Illinois State University,ilstu.edu
ioe.ioe.ac.uk,Institute of Education,ioe.ac.uk
iufcon.iucn.org,International Union for Conservation of Nature,iucn.org
ju.jnu.edu.cn,Jinan University,jnu.edu.cn
kc.kenyon.edu,Kenyon College,kenyon.edu
lu.lboro.ac.uk,Loughborough University,lboro.ac.uk
uol.leeds.ac.uk,University of Leeds,leeds.ac.uk
lmc.lemoyne.edu,Le Moyne College,lemoyne.edu
lmu.lmu.edu,Loyola Marymount University,lmu.edu
mc.macalester.edu,Macalester College,macalester.edu
xu.xidian.edu.cn,Xidian University,xidian.edu.cn
mu.marshall.edu,Marshall University,marshall.edu
mc.mayo.edu,Mayo Clinic,mayo.edu
uov.uvm.edu,University of Vermont,uvm.edu
uom.memphis.edu,University of Memphis,memphis.edu
msu.morgan.edu,Morgan State University,morgan.edu
mskcc.mskcc.org,Memorial Sloan Kettering Cancer Center,mskcc.org
ncu.nccu.edu.tw,National Chengchi University,nccu.edu.tw
ncnu.ncnu.edu.tw,National Chi Nan University,ncnu.edu.tw
nbs.neoma-bs.fr,NEOMA Business School,neoma-bs.fr
nuols.umb.no,Norwegian University of Life Sciences,umb.no
uonnc.nottingham.edu.cn,University of Nottingham Ningbo China,nottingham.edu.cn
nrcc.nrc-cnrc.gc.ca,"National Research Council, Canada",nrc-cnrc.gc.ca
nuoig.nuigalway.ie,"National University of Ireland, Galway",nuigalway.ie
oc.oberlin.edu,Oberlin College,oberlin.edu
ou.ohio.edu,Ohio University,ohio.edu
owu.owu.edu,Ohio Wesleyan University,owu.edu
pc.popcouncil.org,Population Council,popcouncil.org
rc.reed.edu,Reed College,reed.edu
ru.rider.edu,Rider University,rider.edu
rum.rmit.edu.au,"RMIT University, Melbourne",rmit.edu.au
su.salisbury.edu,Salisbury University,salisbury.edu
su.seattleu.edu,Seattle University,seattleu.edu
shsu.shsu.edu,Sam Houston State University,shsu.edu
sss.sssup.it,Scuola Superiore Sant'Anna,sssup.it
uoi.ui.ac.id,University of Indonesia,ui.ac.id
scsu.stcloudstate.edu,St. Cloud State University,stcloudstate.edu
slu.stlawu.edu,St. Lawrence University,stlawu.edu
suu.suu.edu,Southern Utah University,suu.edu
su.swansea.ac.uk,Swansea University,swansea.ac.uk
suot.swin.edu.au,Swinburne University of Technology,swin.edu.au
t.teagasc.ie,Teagasc,teagasc.ie
tu.tedu.edu.tr,TED University,tedu.edu.tr
nc.tnc.org,Nature Conservancy,tnc.org
duot.tudelft.nl,Delft University of Technology,tudelft.nl
ti.twitter.com,Twitter Inc,twitter.com
uop.u-psud.fr,University of Paris-Sud,u-psud.fr
uda.ua.es,Universidad de Alicante,ua.es
uoaf.alaska.edu,University of Alaska Fairbanks,alaska.edu
uji.uji.es,Universitat Jaume I,uji.es
uoml.umsl.edu,University of Missouri-St. Louis,umsl.edu
uoncw.uncw.edu,"University of North Carolina, Wilmington",uncw.edu
uonf.unf.edu,University of North Florida,unf.edu
uog.uni-goettingen.de,University of Göttingen,uni-goettingen.de
jgum.uni-mainz.de,"Johannes Gutenberg University, Mainz",uni-mainz.de
uop.unipv.it,University of Pavia,unipv.it
uow.uow.edu.au,University of Wollongong,uow.edu.au
uc.ursinus.edu,Ursinus College,ursinus.edu
uds.us.es,Universidad de Sevilla,us.es
uosd.usd.edu,University of South Dakota,usd.edu
usna.usna.edu,United States Naval Academy,usna.edu
uot.ut.edu,University of Tampa,ut.edu
uot.ut.ee,University of Tartu,ut.ee
uota.utpa.edu,University of Texas-Pan American,utpa.edu
uof.uni-freiburg.de,University of Freiburg,uni-freiburg.de
wcu.wcu.edu,Western Carolina University,wcu.edu
wcu.wcupa.edu,West Chester University,wcupa.edu
wcw.wheaton.edu,"Wheaton College, Wheaton",wheaton.edu
uol.uni-leipzig.de,University of Leipzig,uni-leipzig.de
wku.wku.edu,Western Kentucky University,wku.edu
walu.wlu.edu,Washington and Lee University,wlu.edu
wmu.wmich.edu,Western Michigan University,wmich.edu
wu.wur.nl,Wageningen University,wur.nl
zm.zew.de,ZEW Mannheim,zew.de
au.ajou.ac.kr,Ajou University,ajou.ac.kr
smagmuomp2x2p$.保存,"SEAFARING, MASCULINITIES AND GLOBALIZATION, Minneapolis: University of Minnesota Press, 2011, xii+ 251 pp., $25",保存
cc.ccf.org,Cleveland Clinic,ccf.org
nsyu.nsysu.edu.tw,National Sun Yat-sen University,nsysu.edu.tw
tu.tanta.edu.eg,Tanta University,tanta.edu.eg
tuoc.tuc.gr,Technical University of Crete,tuc.gr
fiu.fiu.edu,Florida International University,fiu.edu
ic.ithaca.edu,Ithaca College,ithaca.edu
fcu.fcu.edu.tw,Feng Chia University,fcu.edu.tw
huosat.hust.edu.cn,Huazhong University of Science and Technology,hust.edu.cn
mpifhd.mpib-berlin.mpg.de,Max Planck Institute for Human Development,mpib-berlin.mpg.de
odu.odu.edu,Old Dominion University,odu.edu
osu.okstate.edu,Oklahoma State University,okstate.edu
psu.pdx.edu,Portland State University,pdx.edu
puosat.postech.ac.kr,Pohang University of Science and Technology,postech.ac.kr
shu.sacredheart.edu,Sacred Heart University,sacredheart.edu
uoaih.uah.edu,University of Alabama in Huntsville,uah.edu
bu.ub.ac.id,Brawijaya University,ub.ac.id
uc.union.edu,Union College,union.edu
uonao.unomaha.edu,University of Nebraska at Omaha,unomaha.edu
uodc.uoc.edu,Universitat Oberta de Catalunya,uoc.edu
uop.upatras.gr,University of Patras,upatras.gr
vuow.vuw.ac.nz,Victoria University of Wellington,vuw.ac.nz
cu.chula.ac.th,Chulalongkorn University,chula.ac.th
dlsu.dlsu.edu.ph,De La Salle University,dlsu.edu.ph
sdmc.downstate.edu,SUNY Downstate Medical Center,downstate.edu
ecu.ecu.edu,East Carolina University,ecu.edu
hc.haverford.edu,Haverford College,haverford.edu
hc.hendrix.edu,Hendrix College,hendrix.edu
cothc.holycross.edu,College of the Holy Cross,holycross.edu
hawsc.hws.edu,Hobart and William Smith Colleges,hws.edu
jsi.ijs.si,Jozef Stefan Institute,ijs.si
jmu.jmu.edu,James Madison University,jmu.edu
mpr.mathematica-mpr.com,Mathematica Policy Research,mathematica-mpr.com
unu.unu.edu,United Nations University,unu.edu
uop.port.ac.uk,University of Portsmouth,port.ac.uk
ru.roosevelt.edu,Roosevelt University,roosevelt.edu
sjsu.sjsu.edu,San Jose State University,sjsu.edu
sju.sju.edu,Saint Joseph's University,sju.edu
tu.tlu.ee,Tallinn University,tlu.ee
uoi.uninsubria.it,University of Insubria,uninsubria.it
uom.mrt.ac.lk,University of Moratuwa,mrt.ac.lk
uot.utulsa.edu,University of Tulsa,utulsa.edu
wu.whitworth.edu,Whitworth University,whitworth.edu
apu.apu.edu.in,Azim Premji University,apu.edu.in
gc.gettysburg.edu,Gettysburg College,gettysburg.edu
lum.loyola.edu,Loyola University Maryland,loyola.edu
su.shinshu-u.ac.jp,Shinshu University,shinshu-u.ac.jp
ums.unimas.my,Universiti Malaysia Sarawak,unimas.my
uowo.uwosh.edu,University of Wisconsin Oshkosh,uwosh.edu
aau.aamu.edu,Alabama A&M University,aamu.edu
uoa.abdn.ac.uk,University of Aberdeen,abdn.ac.uk
au.aber.ac.uk,Aberystwyth University,aber.ac.uk
hou.eap.gr,Hellenic Open University,eap.gr
scoe.sce.ac.il,Shamoon College of Engineering,sce.ac.il
au.acadiau.ca,Acadia University,acadiau.ca
acu.acu.edu.au,Australian Catholic University,acu.edu.au
aeass.aessweb.com,Asian Economic and Scocial Society,aessweb.com
agu.agu.edu.tr,Abdullah Gul University,agu.edu.tr
au.ahduni.edu.in,Ahmedabad University,ahduni.edu.in
nioaisat.aist.go.jp,National Institute of Advanced Industrial Science and Technology,aist.go.jp
aiot.ait.ac.th,Asian Institute of Technology,ait.ac.th
aku.aku.edu,Aga Khan University,aku.edu
udc.unican.es,Universidad de Cantabria,unican.es
aomasscaos.amss.ac.cn,"Academy of Mathematics and Systems Science, Chinese Academy of Sciences",amss.ac.cn
aru.anglia.ac.uk,Anglia Ruskin University,anglia.ac.uk
uod.du.ac.in,University of Delhi,du.ac.in
ru.ryerson.ca,Ryerson University,ryerson.ca
buoes.ase.ro,Bucharest University of Economic Studies,ase.ro
uoi.ui.ac.ir,University of Isfahan,ui.ac.ir
au.athabascau.ca,Athabasca University,athabascau.ca
atu.atu.edu,Arkansas Tech University,atu.edu
uot.uth.gr,University of Thessaly,uth.gr
bu.birzeit.edu,Birzeit University,birzeit.edu
biot.bit.edu.cn,Beijing Institute of Technology,bit.edu.cn
bju.bjtu.edu.cn,Beijing Jiaotong University,bjtu.edu.cn
bnu.bnu.edu.cn,Beijing Normal University,bnu.edu.cn
bu.bond.edu.au,Bond University,bond.edu.au
bu.bournemouth.ac.uk,Bournemouth University,bournemouth.ac.uk
bc.bowdoin.edu,Bowdoin College,bowdoin.edu
uob.bradford.ac.uk,University of Bradford,bradford.ac.uk
uob.brighton.ac.uk,University of Brighton,brighton.ac.uk
bu.brunel.ac.uk,Brunel University,brunel.ac.uk
bu.bryant.edu,Bryant University,bryant.edu
bmc.brynmawr.edu,Bryn Mawr College,brynmawr.edu
bu.buaa.edu.cn,Beihang University,buaa.edu.cn
bu.bucknell.edu,Bucknell University,bucknell.edu
buoct.buct.edu.cn,Beijing University of Chemical Technology,buct.edu.cn
buid.buid.ac.ae,British University in Dubai,buid.ac.ae
buk.buk.edu.ng,Bayero University Kano,buk.edu.ng
agu.aoyama.ac.jp,Aoyama Gakuin University,aoyama.ac.jp
au.aau.dk,Aalborg University,aau.dk
csula.calstatela.edu,"California State University, Los Angeles",calstatela.edu
uoc.caluniv.ac.in,University of Calcutta,caluniv.ac.in
uoc.canberra.edu.au,University of Canberra,canberra.edu.au
cmu.cardiffmet.ac.uk,Cardiff Metropolitan University,cardiffmet.ac.uk
cau.cau.edu.cn,China Agricultural University,cau.edu.cn
ksu.kyoto-su.ac.jp,Kyoto Sangyo University,kyoto-su.ac.jp
uoi.uoi.gr,University of Ioannina,uoi.gr
cuom.ucm.es,Complutense University of Madrid,ucm.es
ccnu.ccnu.edu.cn,Central China Normal University,ccnu.edu.cn
ccsu.ccsu.edu,Central Connecticut State University,ccsu.edu
nccu.ccu.edu.tw,National Chung Cheng University,ccu.edu.tw
ntuoa.ntua.gr,National Technical University of Athens,ntua.gr
ecm.centrale-marseille.fr,Ecole Centrale Marseille,centrale-marseille.fr
cfeps.ceps.eu,Centre for European Policy Studies,ceps.eu
c.cern.ch,CERN,cern.ch
cu.chd.edu.cn,Chang'an University,chd.edu.cn
cioit.comsats.edu.pk,COMSATS Institute of Information Technology,comsats.edu.pk
cmi.cmi.no,Chr. Michelsen Institute,cmi.no
cnu.cnu.edu,Christopher Newport University,cnu.edu
ccu.coastal.edu,Coastal Carolina University,coastal.edu
cc.coe.edu,Coe College,coe.edu
coc.cofc.edu,College of Charleston,cofc.edu
cc.colby.edu,Colby College,colby.edu
cc.coloradocollege.edu,Colorado College,coloradocollege.edu
csu.columbusstate.edu,Columbus State University,columbusstate.edu
cu.coventry.ac.uk,Coventry University,coventry.ac.uk
cu.creighton.edu,Creighton University,creighton.edu
iiotb.iitb.ac.in,"Indian Institute of Technology, Bombay",iitb.ac.in
cmc.cshs.org,Cedars-Sinai Medical Center,cshs.org
csairo.csiro.au,Commonwealth Scientific and Industrial Research Organisation,csiro.au
csuc.csu.edu.cn,"Central South University, Changsha",csu.edu.cn
csub.csub.edu,"California State University, Bakersfield",csub.edu
csuci.csuci.edu,California State University Channel Islands,csuci.edu
csuf.csufresno.edu,"California State University, Fresno",csufresno.edu
csulb.csulb.edu,"California State University, Long Beach",csulb.edu
csus.csus.edu,"California State University, Sacramento",csus.edu
uoc.cu.ac.bd,University of Chittagong,cu.ac.bd
cuoa.cua.edu,Catholic University of America,cua.edu
cuomat.cumt.edu.cn,China University of Mining and Technology,cumt.edu.cn
cuot.cut.ac.cy,Cyprus University of Technology,cut.ac.cy
cycu.cycu.edu.tw,Chung Yuan Christian University,cycu.edu.tw
urwk.ur.krakow.pl,Uniwersytet Rolniczy w Krakowie,ur.krakow.pl
uoc.cmb.ac.lk,University of Colombo,cmb.ac.lk
dcu.dcu.ie,Dublin City University,dcu.ie
uopaes.upes.ac.in,University of Petroleum and Energy Studies,upes.ac.in
udh.uhu.es,Universidad de Huelva,uhu.es
d.deltares.nl,Deltares,deltares.nl
uod.derby.ac.uk,University of Derby,derby.ac.uk
uod.deusto.es,University of Deusto,deusto.es
gdi.die-gdi.de,German Development Institute,die-gdi.de
iiotd.iitd.ac.in,"Indian Institute of Technology, Delhi",iitd.ac.in
dmu.dmu.ac.uk,De Montfort University,dmu.ac.uk
ku.kyushu-u.ac.jp,Kyushu University,kyushu-u.ac.jp
wsoe.sgh.waw.pl,Warsaw School of Economics,sgh.waw.pl
du.dongguk.edu,Dongguk University,dongguk.edu
uom.uminho.pt,University of Minho,uminho.pt
tuod.dtu.dk,Technical University of Denmark,dtu.dk
uod.univdhaka.edu,University of Dhaka,univdhaka.edu
uod.dundee.ac.uk,University of Dundee,dundee.ac.uk
du.doshisha.ac.jp,Doshisha University,doshisha.ac.jp
udvdt.uvt.ro,Universitatea de Vest din Timisoara,uvt.ro
ecsu.easternct.edu,Eastern Connecticut State University,easternct.edu
ecdl.ec-lyon.fr,Ecole Centrale de Lyon,ec-lyon.fr
ju.jnu.ac.bd,Jagannath University,jnu.ac.bd
uosab.usb.ac.ir,University of Sistan and Baluchestan,usb.ac.ir
uov.uva.es,University of Valladolid,uva.es
auot.auth.gr,Aristotle University of Thessaloniki,auth.gr
duot.duth.gr,Democritus University of Thrace,duth.gr
mu.muni.cz,Masaryk University,muni.cz
ncu.nagoya-cu.ac.jp,Nagoya City University,nagoya-cu.ac.jp
saui.sau.ac.in,"South Asian University, India",sau.ac.in
bu.ubbcluj.ro,Babes-Bolyai University,ubbcluj.ro
uoa.uoa.gr,University of Athens,uoa.gr
udl.udl.cat,Universitat de Lleida,udl.cat
uog.unige.it,University of Genoa,unige.it
esom.essca.fr,ESSCA School of Management,essca.fr
isdedp.ipp.pt,Instituto Superior de Engenharia do Porto,ipp.pt
euasp.eu.spb.ru,European University at St. Petersburg,eu.spb.ru
uoeib.euba.sk,University of Economics in Bratislava,euba.sk
ewu.ewha.ac.kr,Ewha Womans University,ewha.ac.kr
ccu.pccu.edu.tw,Chinese Culture University,pccu.edu.tw
f&mc.fandm.edu,Franklin & Marshall College,fandm.edu
fbk.fbk.eu,Fondazione Bruno Kessler,fbk.eu
undl.unl.pt,Universidade Nova de Lisboa,unl.pt
uoc.uc.pt,University of Coimbra,uc.pt
ecnu.ecnu.edu.cn,East China Normal University,ecnu.edu.cn
cu.cu.edu.eg,Cairo University,cu.edu.eg
f3.fhi360.org,FHI 360,fhi360.org
iuk.iu.ac.bd,"Islamic University, Kushtia",iu.ac.bd
buotae.bme.hu,Budapest University of Technology and Economics,bme.hu
fu.flinders.edu.au,Flinders University,flinders.edu.au
upsi.upsi.edu.my,Universiti Pendidikan Sultan Idris,upsi.edu.my
uol.uni-lj.si,University of Ljubljana,uni-lj.si
fu.fzu.edu.cn,Fuzhou University,fzu.edu.cn
cu.chuo-u.ac.jp,Chuo University,chuo-u.ac.jp
yzu.yzu.edu.tw,Yuan Ze University,yzu.edu.tw
gu.gakushuin.ac.jp,Gakushuin University,gakushuin.ac.jp
fjcu.fju.edu.tw,Fu Jen Catholic University,fju.edu.tw
gu.gazi.edu.tr,Gazi University,gazi.edu.tr
guofs.gdufs.edu.cn,Guangdong University of Foreign Studies,gdufs.edu.cn
sg.geneseo.edu,SUNY Geneseo,geneseo.edu
gbc.georgebrown.ca,George Brown College,georgebrown.ca
gsu.georgiasouthern.edu,Georgia Southern University,georgiasouthern.edu
ggiogaas.giga-hamburg.de,GIGA German Institute of Global and Area Studies,giga-hamburg.de
giomapa.gimpa.edu.gh,Ghana Institute of Management and Public Administration,gimpa.edu.gh
ndhu.ndhu.edu.tw,National Dong Hwa University,ndhu.edu.tw
tu.thu.edu.tw,Tunghai University,thu.edu.tw
uop.uop.gr,University of Peloponnese,uop.gr
uog.gre.ac.uk,University of Greenwich,gre.ac.uk
gedm.grenoble-em.com,Grenoble Ecole de Management,grenoble-em.com
国.ncku.edu.tw,国立成功大学,ncku.edu.tw
gtu.gtu.edu.tr,Gebze Technical University,gtu.edu.tr
gufsat.gust.edu.kw,Gulf University for Science and Technology,gust.edu.kw
gac.gustavus.edu,Gustavus Adolphus College,gustavus.edu
hu.hacettepe.edu.tr,Hacettepe University,hacettepe.edu.tr
iuhcmc.hcmiu.edu.vn,"International University, Ho Chi Minh City",hcmiu.edu.vn
h.heig-vd.ch,HEIG-VD,heig-vd.ch
uoh.helsinki.fi,University of Helsinki,helsinki.fi
hu.henu.edu.cn,Henan University,henu.edu.cn
huot.hfut.edu.cn,Hefei University of Technology,hfut.edu.cn
uoi.hi.is,University of Iceland,hi.is
hu.hiroshima-u.ac.jp,Hiroshima University,hiroshima-u.ac.jp
hiot.hit.edu.cn,Harbin Institute of Technology,hit.edu.cn
hksyu.hksyu.edu,Hong Kong Shue Yan University,hksyu.edu
muoas.hm.edu,Munich University of Applied Sciences,hm.edu
hu.hnu.edu.cn,Hunan University,hnu.edu.cn
hu.hongik.ac.kr,Hongik University,hongik.ac.kr
hu.hosei.ac.jp,Hosei University,hosei.ac.jp
iiotr.iitr.ac.in,"Indian Institute of Technology, Roorkee",iitr.ac.in
iiotk.iitkgp.ernet.in,"Indian Institute of Technology, Kharagpur",iitkgp.ernet.in
hh.hsu-hh.de,"Helmut-Schmidt-University, Hamburg",hsu-hh.de
hu.hu.edu.jo,Hashemite University,hu.edu.jo
uoh.hud.ac.uk,University of Huddersfield,hud.ac.uk
huofs.hufs.ac.kr,Hankuk University of Foreign Studies,hufs.ac.kr
uoh.hull.ac.uk,University of Hull,hull.ac.uk
mu.mie-u.ac.jp,Mie University,mie-u.ac.jp
hu.husson.edu,Husson University,husson.edu
biotasp.bits-pilani.ac.in,"Birla Institute of Technology and Science, Pilani",bits-pilani.ac.in
lioadite.iamo.de,Leibniz Institute of Agricultural Development in Transition Economies,iamo.de
sioba.iba-suk.edu.pk,Sukkur Institute of Business Administration,iba-suk.edu.pk
iobak.iba.edu.pk,"Institute of Business Administration, Karachi",iba.edu.pk
ih.ibsindia.org,IBS Hyderabad,ibsindia.org
gcfibr(.idiv.de,German Centre for Integrative Biodiversity Research (iDiv),idiv.de
iodsu.ids.ac.uk,"Institute of Development Studies, UK",ids.ac.uk
igiodr.igidr.ac.in,Indira Gandhi Institute of Development Research,igidr.ac.in
iogsanrrcaos.igsnrr.ac.cn,"Institute of Geographic Sciences and Natural Resources Research, Chinese Academy of Sciences",igsnrr.ac.cn
iifasa.iiasa.ac.at,International Institute for Applied Systems Analysis,iiasa.ac.at
iioit.iiitd.ac.in,Indraprastha Institute of Information Technology,iiitd.ac.in
iioma.iimahd.ernet.in,"Indian Institute of Management, Ahmedabad",iimahd.ernet.in
iiomb.iimb.ernet.in,Indian Institute of Management Bangalore,iimb.ernet.in
iiomi.iimidr.ac.in,"Indian Institute of Management, Indore",iimidr.ac.in
iiomk.iimk.ac.in,"Indian Institute of Management, Kozhikode",iimk.ac.in
iioml.iiml.ac.in,Indian Institute of Management Lucknow,iiml.ac.in
iiomr.iimraipur.ac.in,Indian Institute of Management Raipur,iimraipur.ac.in
iiomr.iimrohtak.ac.in,"Indian Institute of Management, Rohtak",iimrohtak.ac.in
iiosearb.iiserb.ac.in,"Indian Institute of Science Education and Research, Bhopal",iiserb.ac.in
iiotg.iitgn.ac.in,"Indian Institute of Technology, Gandhinagar",iitgn.ac.in
iioth.iith.ac.in,"Indian Institute of Technology, Hyderabad",iith.ac.in
iioti.iiti.ac.in,Indian Institute of Technology Indore,iiti.ac.in
iiotj.iitj.ac.in,Indian Institute of Technology Jodhpur,iitj.ac.in
iiotk.iitk.ac.in,Indian Institute of Technology Kanpur,iitk.ac.in
iiotm.iitm.ac.in,"Indian Institute of Technology, Madras",iitm.ac.in
iiotp.iitp.ac.in,"Indian Institute of Technology, Patna",iitp.ac.in
iiui.iiu.edu.pk,"International Islamic University, Islamabad",iiu.edu.pk
ilo.ilo.org,International Labour Organization,ilo.org
amisiu.imamu.edu.sa,Al-Imam Muhammad Ibn Saud Islamic University,imamu.edu.sa
imii.imi.edu,"International Management Institute, India",imi.edu
iomsp.imsciences.edu.pk,"Institute of Management Sciences, Peshawar",imsciences.edu.pk
ifasl.imtlucca.it,Institute for Advanced Studies Lucca,imtlucca.it
icfeiif.inceif.org,International Centre for Education in Islamic Finance,inceif.org
iu.inha.ac.kr,Inha University,inha.ac.kr
浙.zju.edu.cn,浙江大学,zju.edu.cn
iobmk.iobm.edu.pk,"Institute of Business Management, Karachi",iobm.edu.pk
iu.ionio.gr,Ionian University,ionio.gr
idpdgdp.ipgp.fr,Institut de Physique du Globe de Paris,ipgp.fr
iu.iqra.edu.pk,Iqra University,iqra.edu.pk
idreidt.irit.fr,Institut de Recherche en Informatique de Toulouse,irit.fr
irri.irri.org,International Rice Research Institute,irri.org
ifsaecb.isec.ac.in,"Institute for Social and Economic Change, Bangalore",isec.ac.in
jsu.jsu.edu,Jacksonville State University,jsu.edu
uoj.jyu.fi,University of Jyväskylä,jyu.fi
ku.kagawa-u.ac.jp,Kagawa University,kagawa-u.ac.jp
ku.kansai-u.ac.jp,Kansai University,kansai-u.ac.jp
kau.kau.edu.sa,King Abdulaziz University,kau.edu.sa
ku.kean.edu,Kean University,kean.edu
kbs.kedgebs.com,Kedge Business School,kedgebs.com
ku.keele.ac.uk,Keele University,keele.ac.uk
kfuopam.kfupm.edu.sa,King Fahd University of Petroleum and Minerals,kfupm.edu.sa
ku.kgu.ac.kr,Kyonggi University,kgu.ac.kr
khu.khas.edu.tr,Kadir Has University,khas.edu.tr
ku.kingston.ac.uk,Kingston University,kingston.ac.uk
kifsr.kisr.edu.kw,Kuwait Institute for Scientific Research,kisr.edu.kw
kku.kku.ac.th,Khon Kaen University,kku.ac.th
kmiotl.kmitl.ac.th,King Mongkut's Institute of Technology Ladkrabang,kmitl.ac.th
ku.kmu.ac.kr,Keimyung University,kmu.ac.kr
kntuot.kntu.ac.ir,K. N. Toosi University of Technology,kntu.ac.ir
knu.knu.ac.kr,Kyungpook National University,knu.ac.kr
kuot.kochi-tech.ac.jp,Kochi University of Technology,kochi-tech.ac.jp
ku.konan-u.ac.jp,Konan University,konan-u.ac.jp
knu.kongju.ac.kr,Kongju National University,kongju.ac.kr
ku.konkuk.ac.kr,Konkuk University,konkuk.ac.kr
ku.kookmin.ac.kr,Kookmin University,kookmin.ac.kr
ku.kozminski.edu.pl,Kozminski University,kozminski.edu.pl
ksu.ksu.edu.sa,King Saud University,ksu.edu.sa
ku.ku.ac.th,Kasetsart University,ku.ac.th
lu.lakeheadu.ca,Lakehead University,lakeheadu.ca
lu.lamar.edu,Lamar University,lamar.edu
ltu.latech.edu,Louisiana Tech University,latech.edu
ltu.latrobe.edu.au,La Trobe University,latrobe.edu.au
lau.lau.edu.lb,Lebanese American University,lau.edu.lb
lu.leidenuniv.nl,Leiden University,leidenuniv.nl
uol.uol.edu.pk,University of Lahore,uol.edu.pk
lbu.leedsbeckett.ac.uk,Leeds Beckett University,leedsbeckett.ac.uk
luc.lincoln.ac.nz,"Lincoln University, Canterbury",lincoln.ac.nz
uol.lincoln.ac.uk,University of Lincoln,lincoln.ac.uk
lc.linkedin.com,LinkedIn Corporation,linkedin.com
mu.mdx.ac.uk,Middlesex University,mdx.ac.uk
lpu.lpu.co.in,Lovely Professional University,lpu.co.in
lsbu.lsbu.ac.uk,London South Bank University,lsbu.ac.uk
lsohatm.lshtm.ac.uk,London School of Hygiene and Tropical Medicine,lshtm.ac.uk
luoms.lums.edu.pk,Lahore University of Management Sciences,lums.edu.pk
scnu.scnu.edu.cn,South China Normal University,scnu.edu.cn
tiot.titech.ac.jp,Tokyo Institute of Technology,titech.ac.jp
ecuosat.ecust.edu.cn,East China University of Science and Technology,ecust.edu.cn
mcu.mcu.edu.tw,Ming Chuan University,mcu.edu.tw
msu.montclair.edu,Montclair State University,montclair.edu
nu.nankai.edu.cn,Nankai University,nankai.edu.cn
ntu.ntpu.edu.tw,National Taipei University,ntpu.edu.tw
uob.buruniv.ac.in,University of Burdwan,buruniv.ac.in
iioesat.iiests.ac.in,Indian Institute of Engineering Science and Technology,iiests.ac.in
ju.jdvu.ac.in,Jadavpur University,jdvu.ac.in
imu.medeniyet.edu.tr,Istanbul Medeniyet University,medeniyet.edu.tr
zu.zu.edu.eg,Zagazig University,zu.edu.eg
imu.medipol.edu.tr,Istanbul Medipol University,medipol.edu.tr
mu.mef.edu.tr,MEF University,mef.edu.tr
mu.meiji.ac.jp,Meiji University,meiji.ac.jp
mu.meijo-u.ac.jp,Meijo University,meijo-u.ac.jp
muib.mendelu.cz,Mendel University in Brno,mendelu.cz
mu.mercer.edu,Mercer University,mercer.edu
mc.merrimack.edu,Merrimack College,merrimack.edu
msu.metrostate.edu,Metropolitan State University,metrostate.edu
metu.metu.edu.tr,Middle East Technical University,metu.edu.tr
vu.vu.lt,Vilnius University,vu.lt
mu.millikin.edu,Millikin University,millikin.edu
mc.mitre.org,MITRE Corporation,mitre.org
mmu.mmu.ac.uk,Manchester Metropolitan University,mmu.ac.uk
mum.mmu.edu.my,Multimedia University Malaysia,mmu.edu.my
mniotj.mnit.ac.in,"Malaviya National Institute of Technology, Jaipur",mnit.ac.in
mu.monmouth.edu,Monmouth University,monmouth.edu
mpifc.mpic.de,Max Planck Institute for Chemistry,mpic.de
isomams.mssm.edu,Icahn School of Medicine at Mount Sinai,mssm.edu
mhc.mtholyoke.edu,Mount Holyoke College,mtholyoke.edu
mtsu.mtsu.edu,Middle Tennessee State University,mtsu.edu
muon.mun.ca,Memorial University of Newfoundland,mun.ca
mu.murdoch.edu.au,Murdoch University,murdoch.edu.au
muosat.must.edu.mo,Macau University of Science and Technology,must.edu.mo
mu.mutah.edu.jo,Mutah University,mutah.edu.jo
uow.westminster.ac.uk,University of Westminster,westminster.ac.uk
uosa.unisa.edu.au,University of South Australia,unisa.edu.au
enu.napier.ac.uk,Edinburgh Napier University,napier.ac.uk
nau.nau.edu,Northern Arizona University,nau.edu
ncof.ncf.edu,New College of Florida,ncf.edu
nu.newcastle.ac.uk,Newcastle University,newcastle.ac.uk
ndsu.ndsu.edu,North Dakota State University,ndsu.edu
uoz.unizg.hr,University of Zagreb,unizg.hr
uonh.newhaven.edu,University of New Haven,newhaven.edu
niodab.nida.ac.th,"National Institute of Development Administration, Bangkok",nida.ac.th
nidi.nidi.nl,Netherlands Interdisciplinary Demographic Institute,nidi.nl
nifesj.nies.go.jp,"National Institute for Environmental Studies, Japan",nies.go.jp
nioh.nih.gov,National Institutes of Health,nih.gov
nu.nihon-u.ac.jp,Nihon University,nihon-u.ac.jp
njiot.njit.edu,New Jersey Institute of Technology,njit.edu
nuosat.njust.edu.cn,Nanjing University of Science and Technology,njust.edu.cn
unoaaa.noaa.gov,US National Oceanic and Atmospheric Administration,noaa.gov
nsub.northsouth.edu,"North South University, Bangladesh",northsouth.edu
nu.northumbria.ac.uk,Northumbria University,northumbria.ac.uk
uop.uni-paderborn.de,University of Paderborn,uni-paderborn.de
uonmc.nottingham.edu.my,University of Nottingham Malaysia Campus,nottingham.edu.my
n.novartis.com,Novartis,novartis.com
ntu.ntu.ac.uk,Nottingham Trent University,ntu.ac.uk
nuocaesp.nu.edu.pk,"National University of Computer and Emerging Sciences, Pakistan",nu.edu.pk
nuoaaa.nuaa.edu.cn,Nanjing University of Aeronautics and Astronautics,nuaa.edu.cn
nuok.nuk.edu.tw,National University of Kaohsiung,nuk.edu.tw
nuom.num.edu.mn,National University of Mongolia,num.edu.mn
nuut.nuu.edu.tw,"National United University, Taiwan",nuu.edu.tw
npuc.nwpu.edu.cn,"Northwestern Polytechnical University, China",nwpu.edu.cn
nuc.nwu.edu.cn,"North-West University, China",nwu.edu.cn
nyiot.nyit.edu,New York Institute of Technology,nyit.edu
oh&su.ohsu.edu,Oregon Health & Science University,ohsu.edu
ouu.open.ac.uk,"Open University, UK",open.ac.uk
suio.slu.cz,Silesian University in Opava,slu.cz
uoo.otago.ac.nz,University of Otago,otago.ac.nz
ou.ou.nl,Open Universiteit,ou.nl
ouoc.ouc.ac.cy,Open University of Cyprus,ouc.ac.cy
oum.ovgu.de,Otto-von-Guericke University Magdeburg,ovgu.de
oc.oxy.edu,Occidental College,oxy.edu
pafaeatk.paaet.edu.kw,"Public Authority for Applied Education and Training, Kuwait",paaet.edu.kw
pu.panteion.gr,Panteion University,panteion.gr
pdu.parisdescartes.fr,Paris Descartes University,parisdescartes.fr
pu.pepperdine.edu,Pepperdine University,pepperdine.edu
piode.pide.org.pk,Pakistan Institute of Development Economics,pide.org.pk
pnu.pknu.ac.kr,Pukyong National University,pknu.ac.kr
uop.plymouth.ac.uk,University of Plymouth,plymouth.ac.uk
pnnl.pnnl.gov,Pacific Northwest National Laboratory,pnnl.gov
pnbaru.pnu.edu.sa,Princess Nora Bint Abdul Rahman University,pnu.edu.sa
ppu.ppu.edu,Palestine Polytechnic University,ppu.edu
pc.providence.edu,Providence College,providence.edu
psu.psu.edu.sa,Prince Sultan University,psu.edu.sa
pnu.pusan.ac.kr,Pusan National University,pusan.ac.kr
upm.upm.edu.my,Universiti Putra Malaysia,upm.edu.my
pvau.pvamu.edu,Prairie View A&M University,pvamu.edu
wuot.pw.edu.pl,Warsaw University of Technology,pw.edu.pl
wuot.pwr.wroc.pl,Wroclaw University of Technology,pwr.wroc.pl
qui.qau.edu.pk,"Quaid-i-Azam University, Islamabad",qau.edu.pk
qu.qu.edu.sa,Qassim University,qu.edu.sa
ac.att.com,AT&T Corporation,att.com
ru.rikkyo.ac.jp,Rikkyo University,rikkyo.ac.jp
ruv.rmit.edu.vn,"RMIT University, Vietnam",rmit.edu.vn
uot.utoledo.edu,University of Toledo,utoledo.edu
uor.roehampton.ac.uk,University of Roehampton,roehampton.ac.uk
su.shirazu.ac.ir,Shiraz University,shirazu.ac.ir
rru.royalroads.ca,Royal Roads University,royalroads.ca
tuos.tus.ac.jp,Tokyo University of Science,tus.ac.jp
ri.rti.org,RTI International,rti.org
ru.ru.is,Reykjavik University,ru.is
ru.ruc.dk,Roskilde University,ruc.dk
rumc.rush.edu,Rush University Medical Center,rush.edu
nuosati.nust.edu.pk,"National University of Sciences and Technology, Islamabad",nust.edu.pk
uos.salford.ac.uk,University of Salford,salford.ac.uk
uosd.sandiego.edu,University of San Diego,sandiego.edu
sau.sau.edu,St. Ambrose University,sau.edu
saos.savba.sk,Slovak Academy of Sciences,savba.sk
sbu.sbu.ac.ir,Shahid Beheshti University,sbu.ac.ir
scch.scch.at,Software Competence Center Hagenberg,scch.at
su.sch.ac.kr,Soonchunhyang University,sch.ac.kr
uos.scranton.edu,University of Scranton,scranton.edu
su.scu.edu.cn,Sichuan University,scu.edu.cn
sei.sei-international.org,Stockholm Environment Institute,sei-international.org
su.sejong.ac.kr,Sejong University,sejong.ac.kr
snuosat.seoultech.ac.kr,Seoul National University of Science and Technology,seoultech.ac.kr
suc.seu.edu.cn,"Southeast University, China",seu.edu.cn
sfsu.sfsu.edu,San Francisco State University,sfsu.edu
su.shanghaitech.edu.cn,ShanghaiTech University,shanghaitech.edu.cn
uos.sharjah.ac.ae,University of Sharjah,sharjah.ac.ae
smu.shmtu.edu.cn,Shanghai Maritime University,shmtu.edu.cn
sou.shou.edu.cn,Shanghai Ocean University,shou.edu.cn
shu.shu.ac.uk,Sheffield Hallam University,shu.ac.uk
su.shu.edu.cn,Shanghai University,shu.edu.cn
sc.skidmore.edu,Skidmore College,skidmore.edu
slu.slu.edu,Saint Louis University,slu.edu
suoas.slu.se,Swedish University of Agricultural Sciences,slu.se
smu.smu.ca,Saint Mary's University,smu.ca
smvdu.smvdu.ac.in,Shri Mata Vaishno Devi University,smvdu.ac.in
snu.snu.edu.in,Shiv Nadar University,snu.edu.in
aosotcr.cas.cz,Academy of Sciences of the Czech Republic,cas.cz
nu.nagoya-u.ac.jp,Nagoya University,nagoya-u.ac.jp
ssu.sonoma.edu,Sonoma State University,sonoma.edu
su.sophia.ac.jp,Sophia University,sophia.ac.jp
scsu.southernct.edu,Southern Connecticut State University,southernct.edu
sc.spelman.edu,Spelman College,spelman.edu
squ.squ.edu.om,Sultan Qaboos University,squ.edu.om
iausarb.srbiau.ac.ir,"Islamic Azad University, Science and Research Branch",srbiau.ac.ir
src.sruc.ac.uk,Scotland’s Rural College,sruc.ac.uk
su.ssu.ac.kr,Soongsil University,ssu.ac.kr
sfxu.stfx.ca,St. Francis Xavier University,stfx.ca
scu.stkate.edu,St. Catherine University,stkate.edu
uostm.stthomas.edu,"University of St. Thomas, Minnesota",stthomas.edu
xju.xjtu.edu.cn,Xi'an Jiaotong University,xjtu.edu.cn
suc.suda.edu.cn,"Soochow University, China",suda.edu.cn
su.sun.ac.za,Stellenbosch University,sun.ac.za
su.sunway.edu.my,Sunway University,sunway.edu.my
supdsi.supsi.ch,Scuola universitaria professionale della Svizzera italiana,supsi.ch
su.susqu.edu,Susquehanna University,susqu.edu
susu.susu.ac.ru,South Ural State University,susu.ac.ru
sju.swjtu.edu.cn,Southwest Jiaotong University,swjtu.edu.cn
su.szu.edu.cn,Shenzhen University,szu.edu.cn
uot.tabrizu.ac.ir,University of Tabriz,tabrizu.ac.ir
tu.taibahu.edu.sa,Taibah University,taibahu.edu.sa
taiu.tamiu.edu,Texas A&M International University,tamiu.edu
tauc.tamucc.edu,Texas A&M University-Corpus Christi,tamucc.edu
tapmim.tapmi.edu.in,"T A Pai Management Institute, Manipal",tapmi.edu.in
taruc.tarc.edu.my,Tunku Abdul Rahman University College,tarc.edu.my
cbotrot.tcmb.gov.tr,Central Bank of the Republic of Turkey,tcmb.gov.tr
tu.tees.ac.uk,Teesside University,tees.ac.uk
tpu.tjpu.edu.cn,Tianjin Polytechnic University,tjpu.edu.cn
tu.tju.edu.cn,Tianjin University,tju.edu.cn
tmu.tmu.ac.jp,Tokyo Metropolitan University,tmu.ac.jp
tu.tohoku.ac.jp,Tohoku University,tohoku.ac.jp
tu.trentu.ca,Trent University,trentu.ca
tc.trincoll.edu,Trinity College,trincoll.edu
tu.trinity.edu,Trinity University,trinity.edu
tru.tru.ca,Thompson Rivers University,tru.ca
tu.tokai-u.jp,Tokai University,tokai-u.jp
huot.tuhh.de,Hamburg University of Technology,tuhh.de
tuok.tuke.sk,Technical University of Kosice,tuke.sk
uop.up.ac.za,University of Pretoria,up.ac.za
tu.tuskegee.edu,Tuskegee University,tuskegee.edu
tuot.tut.ac.za,Tshwane University of Technology,tut.ac.za
tsu.txstate.edu,Texas State University,txstate.edu
uot.tsukuba.ac.jp,University of Tsukuba,tsukuba.ac.jp
uoa.ua.pt,University of Aveiro,ua.pt
uaeu.uaeu.ac.ae,United Arab Emirates University,uaeu.ac.ae
aicuoi.uaic.ro,Alexandru Ioan Cuza University of Iasi,uaic.ro
uoa.uakron.edu,University of Akron,uakron.edu
uoaalr.ualr.edu,University of Arkansas at Little Rock,ualr.edu
bu.ubishops.ca,Bishop's University,ubishops.ca
uocc.ucc.edu.gh,University of Cape Coast,ucc.edu.gh
uom.ac.me,University of Montenegro,ac.me
uocl.uclan.ac.uk,University of Central Lancashire,uclan.ac.uk
uoco.uco.edu,University of Central Oklahoma,uco.edu
uocp.ucp.edu.pk,University of Central Punjab,ucp.edu.pk
ucr.ucr.nl,University College Roosevelt,ucr.nl
uocsf.ucsf.edu,"University of California, San Francisco",ucsf.edu
uoct.uct.ac.za,University of Cape Town,uct.ac.za
uod.ud.ac.ae,University of Dubai,ud.ac.ae
uotdoc.udc.edu,University of the District of Columbia,udc.edu
udd.udd.cl,Universidad del Desarrollo,udd.cl
udg.udg.edu,Universitat de Girona,udg.edu
ufdsg.uds.edu.gh,"University for Development Studies, Ghana",uds.edu.gh
uewp.ue.poznan.pl,Uniwersytet Ekonomiczny w Poznaniu,ue.poznan.pl
uoef.uef.fi,University of Eastern Finland,uef.fi
uewk.uek.krakow.pl,Uniwersytet Ekonomiczny w Krakowie,uek.krakow.pl
uoesatoc.uestc.edu.cn,University of Electronic Science and Technology of China,uestc.edu.cn
udg.ugto.mx,Universidad de Guanajuato,ugto.mx
hu.uhasselt.be,Hasselt University,uhasselt.be
uoi.ui.edu.ng,University of Ibadan,ui.edu.ng
udlib.uib.es,Universitat de les Illes Balears,uib.es
uidc.uic.es,Universitat Internacional de Catalunya,uic.es
uoi.uidaho.edu,University of Idaho,uidaho.edu
uot.uit.no,University of Tromsø,uit.no
utm.uitm.edu.my,Universiti Teknologi MARA,uitm.edu.my
uoj.uj.ac.za,University of Johannesburg,uj.ac.za
ju.uj.edu.pl,Jagiellonian University,uj.edu.pl
ukm.ukm.my,Universiti Kebangsaan Malaysia,ukm.my
uol.ulg.ac.be,University of Liège,ulg.ac.be
udll.ull.edu.es,Universidad de La Laguna,ull.edu.es
udlpdgc.ulpgc.es,Universidad de Las Palmas de Gran Canaria,ulpgc.es
uom.um.edu.mt,University of Malta,um.edu.mt
uom.um.edu.my,University of Malaya,um.edu.my
uom.umac.mo,University of Macau,umac.mo
uom.umanitoba.ca,University of Manitoba,umanitoba.ca
mbu.umb.sk,Matej Bel University,umb.sk
ump.ump.edu.my,Universiti Malaysia Pahang,ump.edu.my
ums.ums.edu.my,Universiti Malaysia Sabah,ums.edu.my
umt.umt.edu.my,Universiti Malaysia Terengganu,umt.edu.my
uomatp.umt.edu.pk,"University of Management and Technology, Pakistan",umt.edu.pk
uom.umz.ac.ir,University of Mazandaran,umz.ac.ir
udn.unav.es,Universidad de Navarra,unav.es
undp.undp.org,United Nations Development Programme,undp.org
uonea.une.edu.au,"University of New England, Australia",une.edu.au
ude.unex.es,Universidad de Extremadura,unex.es
uod.uni-due.de,University of Duisburg-Essen,uni-due.de
uoe.uni-erfurt.de,University of Erfurt,uni-erfurt.de
fsuj.uni-jena.de,Friedrich Schiller University Jena,uni-jena.de
uok.uni-kassel.de,University of Kassel,uni-kassel.de
uoo.uni-oldenburg.de,University of Oldenburg,uni-oldenburg.de
uop.uni-passau.de,University of Passau,uni-passau.de
uop.uni-potsdam.de,University of Potsdam,uni-potsdam.de
uor.uni-rostock.de,University of Rostock,uni-rostock.de
uot.uni-trier.de,University of Trier,uni-trier.de
uu.uni-ulm.de,Ulm University,uni-ulm.de
uol.uni.li,University of Liechtenstein,uni.li
suoain.uniag.sk,Slovak University of Agriculture in Nitra,uniag.sk
uocasl.unicas.it,University of Cassino and Southern Lazio,unicas.it
u.unicef.org,UNICEF,unicef.org
uod.unidu.hr,University of Dubrovnik,unidu.hr
uof.unife.it,University of Ferrara,unife.it
uof.unifg.it,University of Foggia,unifg.it
ukl.unikl.edu.my,Universiti Kuala Lumpur,unikl.edu.my
uom.unime.it,University of Messina,unime.it
uop.unipa.it,University of Palermo,unipa.it
uop.unipr.it,University of Parma,unipr.it
"uor""i.uniroma4.it","University of Rome ""Foro Italico""",uniroma4.it
uos.unisa.it,University of Salerno,unisa.it
uniosat.unist.ac.kr,Ulsan National Institute of Science and Technology,unist.ac.kr
tuob.unitbv.ro,Transilvania University of Brasov,unitbv.ro
utn.uniten.edu.my,Universiti Tenaga Nasional,uniten.edu.my
uot.units.it,University of Trieste,units.it
uou.uniud.it,University of Udine,uniud.it
rdlhuf.保存,Revue de linguistique-Brill http://fdl. univ-lemans. fr,保存
uoz.unza.zm,University of Zambia,unza.zm
uob.uob.edu.bh,University of Bahrain,uob.edu.bh
uob.uob.edu.ly,University of Benghazi,uob.edu.ly
uoc.uoc.gr,University of Crete,uoc.gr
uok.uok.ac.ir,University of Kurdistan,uok.ac.ir
uok.uok.edu.pk,University of Karachi,uok.edu.pk
uom.uom.gr,University of Macedonia,uom.gr
uon.uonbi.ac.ke,University of Nairobi,uonbi.ac.ke
uos.uos.ac.kr,University of Seoul,uos.ac.kr
uotp.upd.edu.ph,University of the Philippines,upd.edu.ph
upwp.up.poznan.pl,Uniwersytet Przyrodniczy w Poznaniu,up.poznan.pl
puoc.upc.edu,Polytechnic University of Catalonia,upc.edu
cuop.upc.edu.cn,China University of Petroleum,upc.edu.cn
uopei.upei.ca,University of Prince Edward Island,upei.ca
uop.upesh.edu.pk,University of Peshawar,upesh.edu.pk
upt.upt.ro,Universitatea Politehnica Timisoara,upt.ro
puov.upv.es,Polytechnic University of Valencia,upv.es
uau.uqu.edu.sa,Umm Al-Qura University,uqu.edu.sa
uriv.urv.cat,Universitat Rovira i Virgili,urv.cat
uafrl.af.mil,US Air Force Research Laboratory,af.mil
uos.usask.ca,University of Saskatchewan,usask.ca
uotsc.usc.edu.au,University of the Sunshine Coast,usc.edu.au
uoscu.uscupstate.edu,University of South Carolina Upstate,uscupstate.edu
usm.usm.my,Universiti Sains Malaysia,usm.my
uotsp.usp.ac.fj,University of the South Pacific,usp.ac.fj
uosq.usq.edu.au,University of Southern Queensland,usq.edu.au
uosatb.ustb.edu.cn,University of Science and Technology Beijing,ustb.edu.cn
uosathb.usthb.dz,University of Science and Technology Houari Boumediene,usthb.dz
knuot.ut.ac.kr,Korea National University of Transportation,ut.ac.kr
utar.utar.edu.my,Universiti Tunku Abdul Rahman,utar.edu.my
uot.utas.edu.au,University of Tasmania,utas.edu.au
uotaep.utep.edu,University of Texas at El Paso,utep.edu
utm.utm.my,Universiti Teknologi Malaysia,utm.my
uotrgv.utrgv.edu,University of Texas Rio Grande Valley,utrgv.edu
uotsmc.utsouthwestern.edu,University of Texas Southwestern Medical Center,utsouthwestern.edu
uot.utu.fi,University of Turku,utu.fi
uum.uum.edu.my,Universiti Utara Malaysia,uum.edu.my
uov.uva.fi,University of Vaasa,uva.fi
uotwoe.uwe.ac.uk,University of the West of England,uwe.ac.uk
uotwi.uwi.edu,University of the West Indies,uwi.edu
uow.uwindsor.ca,University of Windsor,uwindsor.ca
uow.uwinnipeg.ca,University of Winnipeg,uwinnipeg.ca
uowl.uwl.ac.uk,University of West London,uwl.ac.uk
uowc.uwlax.edu,University of Wisconsin-La Crosse,uwlax.edu
uowf.uwrf.edu,University of Wisconsin-River Falls,uwrf.edu
uotwos.uws.ac.uk,University of the West of Scotland,uws.ac.uk
uows.uws.edu.au,University of Western Sydney,uws.edu.au
uow.uww.edu,University of Wisconsin-Whitewater,uww.edu
vsu.valdosta.edu,Valdosta State University,valdosta.edu
v.visva-bharati.ac.in,Visva-Bharati,visva-bharati.ac.in
vbs.vlerick.com,Vlerick Business School,vlerick.com
uoep.vse.cz,"University of Economics, Prague",vse.cz
vub.vub.ac.be,Vrije Universiteit Brussel,vub.ac.be
wat.wat.edu.pl,Wojskowa Akademia Techniczna,wat.edu.pl
wsu.weber.edu,Weber State University,weber.edu
whoi.whoi.edu,Woods Hole Oceanographic Institution,whoi.edu
uotw.wits.ac.za,University of the Witwatersrand,wits.ac.za
cuot.tu-chemnitz.de,Chemnitz University of Technology,tu-chemnitz.de
uoa.uni-augsburg.de,University of Augsburg,uni-augsburg.de
mh.uni-halle.de,Martin-Luther-University Halle-Wittenberg,uni-halle.de
uor.uni-regensburg.de,University of Regensburg,uni-regensburg.de
uow.wlv.ac.uk,University of Wolverhampton,wlv.ac.uk
wpi.wpi.edu,Worcester Polytechnic Institute,wpi.edu
wpu.wpunj.edu,William Paterson University,wpunj.edu
wsu.wright.edu,Wright State University,wright.edu
sfiff.wsl.ch,Swiss Federal Institute for Forest,wsl.ch
wtau.wtamu.edu,West Texas A&M University,wtamu.edu
wu.wzu.edu.cn,Wenzhou University,wzu.edu.cn
xju.xjtlu.edu.cn,Xi'an Jiaotong-Liverpool University,xjtlu.edu.cn
yu.yeditepe.edu.tr,Yeditepe University,yeditepe.edu.tr
ytu.yildiz.edu.tr,Yildiz Technical University,yildiz.edu.tr
yu.ynu.ac.kr,Yeungnam University,ynu.ac.kr
ysu.ysu.edu,Youngstown State University,ysu.edu
yu.yu.edu.jo,Yarmouk University,yu.edu.jo
nyuosat.yuntech.edu.tw,National Yunlin University of Science and Technology,yuntech.edu.tw
auosat.agh.edu.pl,AGH University of Science and Technology,agh.edu.pl
znu.zjnu.cn,Zhejiang Normal University,zjnu.cn
zsu.zstu.edu.cn,Zhejiang Sci-Tech University,zstu.edu.cn
zu.zu.ac.ae,Zayed University,zu.ac.ae
agi.analysisgroup.com,"Analysis Group, Inc",analysisgroup.com
faera.gsi.gov.uk,Food and Environment Research Agency,gsi.gov.uk
ki.ki.se,Karolinska Institute,ki.se
aaos.oeaw.ac.at,Austrian Academy of Sciences,oeaw.ac.at
uos.sbg.ac.at,University of Salzburg,sbg.ac.at
who.who.int,World Health Organization,who.int
uolv.laverne.edu,University of La Verne,laverne.edu
nsu.nova.edu,Nova Southeastern University,nova.edu
tki.telethonkids.org.au,Telethon Kids Institute,telethonkids.org.au
ic.ibm.com,IBM Corporation,ibm.com
ktu.kbtu.kz,Kazakh-British Technical University,kbtu.kz
gmu.macewan.ca,Grant MacEwan University,macewan.ca
ioapcaos.iap.ac.cn,"Institute of Atmospheric Physics, Chinese Academy of Sciences",iap.ac.cn
sbuoms.sbmu.ac.ir,Shahid Beheshti University of Medical Sciences,sbmu.ac.ir
