Aalto University,aalto.fi,aalto.fi,au.aalto.fi
KTH Royal Institute of Technology,kth.se,abe.kth.se,kriot.kth.se
"University of California, Los Angeles",ucla.edu,ad.ucla.edu,uocla.ucla.edu
,,adainvestments.com,
,,adia.ae,
American Enterprise Institute,aei.org,aei.org,aei.aei.org
,,afdb.org,
,,algalita.org,
,,almaris.com,
,,alphacruncher.com,
,,alphaness.com,
,,altmejd.se,
Massachusetts Institute of Technology,mit.edu,alum.mit.edu,miot.mit.edu
California Institute of Technology,caltech.edu,alumni.caltech.edu,ciot.caltech.edu
Harvard University,harvard.edu,alumni.harvard.edu,hu.harvard.edu
Stanford University,stanford.edu,alumni.stanford.edu,su.stanford.edu
University of Pennsylvania,upenn.edu,alumni.upenn.edu,uop.upenn.edu
Amazon Inc.,amazon.com,amazon.com,ai.amazon.com
American University,american.edu,american.edu,au.american.edu
Amherst College,amherst.edu,amherst.edu,ac.amherst.edu
"University of California, Los Angeles",ucla.edu,anderson.ucla.edu,uocla.ucla.edu
,,andreaprestipino.com,
Carnegie Mellon University,cmu.edu,andrew.cmu.edu,cmu.cmu.edu
Australian National University,anu.edu.au,anu.edu.au,anu.anu.edu.au
Ariel University,ariel.ac.il,ariel.ac.il,au.ariel.ac.il
University of Arizona,arizona.edu,arizona.edu,uoa.arizona.edu
Arizona State University,asu.edu,asu.edu,asu.asu.edu
Federal Reserve Bank of Atlanta,atl.frb.org,atl.frb.org,frboa.atl.frb.org
American University of Beirut,aub.edu.lb,aub.edu.lb,auob.aub.edu.lb
Auburn University,auburn.edu,auburn.edu,au.auburn.edu
University of Auckland,auckland.ac.nz,auckland.ac.nz,uoa.auckland.ac.nz
Athens University of Economics and Business,aueb.gr,aueb.gr,auoeab.aueb.gr
American University of Sharjah,aus.edu,aus.edu,auos.aus.edu
University of Texas at Austin,utexas.edu,austin.utexas.edu,uotaa.utexas.edu
Auckland University of Technology,aut.ac.nz,aut.ac.nz,auot.aut.ac.nz
Heidelberg University,uni-heidelberg.de,awi.uni-heidelberg.de,hu.uni-heidelberg.de
Yale University,yale.edu,aya.yale.edu,yu.yale.edu
Babson College,babson.edu,babson.edu,bc.babson.edu
香港中文大学,cuhk.edu.hk,baf.cuhk.edu.hk,香.cuhk.edu.hk
,,balasko.com,
,,bancaditalia.it,
,,bank.bwl.uni-mannheim.de,
Bank of Canada,bankofcanada.ca,bankofcanada.ca,boc.bankofcanada.ca
Bank of England,bankofengland.co.uk,bankofengland.co.uk,boe.bankofengland.co.uk
,,banque-france.fr,
,,banxico.org.mx,
,,barthobijn.net,
City University of New York,cuny.edu,baruch.cuny.edu,cuony.cuny.edu
,,bateswhite.com,
University of Bath,bath.ac.uk,bath.ac.uk,uob.bath.ac.uk
University of Houston,uh.edu,bauer.uh.edu,uoh.uh.edu
Baylor University,baylor.edu,baylor.edu,bu.baylor.edu
"Birkbeck, University of London",bbk.ac.uk,bbk.ac.uk,buol.bbk.ac.uk
Boston College,bc.edu,bc.edu,bc.bc.edu
Banco Central do Brasil,bcb.gov.br,bcb.gov.br,bcdb.bcb.gov.br
,,bde.es,
,,bendavid.org.il,
,,bennett.edu.in,
Bentley University,bentley.edu,bentley.edu,bu.bentley.edu
"University of California, Berkeley",berkeley.edu,berkeley.edu,uocb.berkeley.edu
University of Zurich,uzh.ch,bf.uzh.ch,uoz.uzh.ch
,,bge.com,
Ben-Gurion University of the Negev,bgu.ac.il,bgu.ac.il,buotn.bgu.ac.il
University of Birmingham,bham.ac.uk,bham.ac.uk,uob.bham.ac.uk
BI Norwegian Business School,bi.no,bi.no,bnbs.bi.no
Bank for International Settlements,bis.org,bis.org,bfis.bis.org
Bar-Ilan University,biu.ac.il,biu.ac.il,bu.biu.ac.il
,,blackrock.com,
Bloomberg LP,bloomberg.net,bloomberg.net,bl.bloomberg.net
,,booking.com,
Federal Reserve Bank of Boston,bos.frb.org,bos.frb.org,frbob.bos.frb.org
Banco de Portugal,bportugal.pt,bportugal.pt,bdp.bportugal.pt
Brandeis University,brandeis.edu,brandeis.edu,bu.brandeis.edu
,,briq-institute.org,
University of Bristol,bris.ac.uk,bristol.ac.uk,uob.bris.ac.uk
Michigan State University,msu.edu,broad.msu.edu,msu.msu.edu
Brock University,brocku.ca,brocku.ca,bu.brocku.ca
Brookings Institution,brookings.edu,brookings.edu,bi.brookings.edu
Brown University,brown.edu,brown.edu,bu.brown.edu
,,brucegrundy.com,
,,bsfrey.ch,
Aarhus University,au.dk,btech.au.dk,au.au.dk
Boston University,bu.edu,bu.edu,bu.bu.edu
University at Buffalo,buffalo.edu,buffalo.edu,uab.buffalo.edu
Deutsche Bundesbank,bundesbank.de,bundesbank.de,db.bundesbank.de
University of Miami,miami.edu,bus.miami.edu,uom.miami.edu
Michigan State University,msu.edu,bus.msu.edu,msu.msu.edu
University of Mississippi,olemiss.edu,bus.olemiss.edu,uom.olemiss.edu
University of Central Florida,ucf.edu,bus.ucf.edu,uocf.ucf.edu
University of Wisconsin-Madison,wisc.edu,bus.wisc.edu,uow.wisc.edu
,,busaracenter.org,
Rutgers University,rutgers.edu,business.rutgers.edu,ru.rutgers.edu
Southern Illinois University,siu.edu,business.siu.edu,siu.siu.edu
University of Connecticut,uconn.edu,business.uconn.edu,uoc.uconn.edu
University of Queensland,uq.edu.au,business.uq.edu.au,uoq.uq.edu.au
University of Utah,utah.edu,business.utah.edu,uou.utah.edu
University of Zurich,uzh.ch,business.uzh.ch,uoz.uzh.ch
University of Stuttgart,uni-stuttgart.de,bwi.uni-stuttgart.de,uos.uni-stuttgart.de
University of Mannheim,uni-mannheim.de,bwl.uni-mannheim.de,uom.uni-mannheim.de
Brigham Young University,byu.edu,byu.edu,byu.byu.edu
California Institute of Technology,caltech.edu,caltech.edu,ciot.caltech.edu
University of Cambridge,cam.ac.uk,cam.ac.uk,uoc.cam.ac.uk
Cardiff University,cf.ac.uk,cardiff.ac.uk,cu.cf.ac.uk
Carleton University,carleton.ca,carleton.ca,cu.carleton.ca
Collegio Carlo Alberto,carloalberto.org,carloalberto.org,cca.carloalberto.org
Case Western Reserve University,case.edu,case.edu,cwru.case.edu
Chung-Ang University,cau.ac.kr,cau.ac.kr,cu.cau.ac.kr
University of Alabama,ua.edu,cba.ua.edu,uoa.ua.edu
University of Florida,ufl.edu,cba.ufl.edu,uof.ufl.edu
,,cbo.gov,
Copenhagen Business School,cbs.dk,cbs.dk,cbs.cbs.dk
Centers for Disease Control and Prevention,cdc.gov,cdc.gov,cfdcap.cdc.gov
,,cdpp.org.br,
China Europe International Business School,ceibs.edu,ceibs.edu,ceibs.ceibs.edu
,,cemfi.edu.es,
Center for Monetary and Financial Studies (CEMFI),cemfi.es,cemfi.es,cfmafs(.cemfi.es
U.S. Census Bureau,census.gov,census.gov,ucb.census.gov
University of Houston,uh.edu,central.uh.edu,uoh.uh.edu
,,centralbank.ie,
,,cepr.org,
,,ceremade.dauphine.fr,
CERGE-EI,cerge-ei.cz,cerge-ei.cz,c.cerge-ei.cz
Central European University,ceu.hu,ceu.edu,ceu.ceu.hu
Central European University,ceu.hu,ceu.hu,ceu.ceu.hu
,,cfpb.gov,
CGIAR: Consultative Group for International Agricultural Research,cgiar.org,cgiar.org,ccgfiar.cgiar.org
Claremont Graduate University,cgu.edu,cgu.edu,cgu.cgu.edu
,,chapinhall.org,
Chapman University,chapman.edu,chapman.edu,cu.chapman.edu
University of Toronto,utoronto.ca,chass.utoronto.ca,uot.utoronto.ca
,,chenhaot.com,
Federal Reserve Bank of Chicago,frbchi.org,chi.frb.org,frboc.frbchi.org
University of Chicago,uchicago.edu,chicagobooth.edu,uoc.uchicago.edu
,,chwe.net,
Aix-Marseille University,univ-amu.fr,cinam.univ-mrs.fr,au.univ-amu.fr
City University London,city.ac.uk,city.ac.uk,cul.city.ac.uk
香港城市大学,cityu.edu.hk,cityu.edu.hk,香.cityu.edu.hk
,,ckgsb.edu.cn,
Clark University,clarku.edu,clarku.edu,cu.clarku.edu
Clemson University,clemson.edu,clemson.edu,cu.clemson.edu
Federal Reserve Bank of Cleveland,clev.frb.org,clev.frb.org,frboc.clev.frb.org
Claremont McKenna College,cmc.edu,cmc.edu,cmc.cmc.edu
Carnegie Mellon University,cmu.edu,cmu.edu,cmu.cmu.edu
Florida State University,fsu.edu,cob.fsu.edu,fsu.fsu.edu
,,coll.mpg.de,
"University of Colorado, Boulder",colorado.edu,colorado.edu,uocb.colorado.edu
Colorado State University,colostate.edu,colostate.edu,csu.colostate.edu
Columbia University,columbia.edu,columbia.edu,cu.columbia.edu
,,comlabgames.com,
,,computer.org,
Concordia University,concordia.ca,concordia.ca,cu.concordia.ca
香港大学,hku.hk,connect.hku.hk,香.hku.hk
Cornell University,cornell.edu,cornell.edu,cu.cornell.edu
University of Houston,uh.edu,cougarnet.uh.edu,uoh.uh.edu
Southern Methodist University,smu.edu,cox.smu.edu,smu.smu.edu
,,cpb.nl,
Centre de Recerca en Economia Internacional,crei.cat,crei.cat,cdreei.crei.cat
Cornell University,cornell.edu,cs.cornell.edu,cu.cornell.edu
Stanford University,stanford.edu,cs.stanford.edu,su.stanford.edu
University of Tokyo,u-tokyo.ac.jp,csis.u-tokyo.ac.jp,uot.u-tokyo.ac.jp
"California State University, Northridge",csun.edu,csun.edu,csun.csun.edu
Central University of Finance and Economics,cufe.edu.cn,cufe.edu.cn,cuofae.cufe.edu.cn
,,cuhk.edu.cn,
香港中文大学,cuhk.edu.hk,cuhk.edu.hk,香.cuhk.edu.hk
,,curriemacleod.net,
,,cyu.fr,
Dalhousie University,dal.ca,dal.ca,du.dal.ca
Federal Reserve Bank of Dallas,dal.frb.org,dal.frb.org,frbod.dal.frb.org
University of Virginia,virginia.edu,darden.virginia.edu,uov.virginia.edu
Dartmouth College,dartmouth.edu,dartmouth.edu,dc.dartmouth.edu
,,dauphine.fr,
,,dauphine.psl.eu,
"University of California, Berkeley",berkeley.edu,demog.berkeley.edu,uocb.berkeley.edu
DePaul University,depaul.edu,depaul.edu,du.depaul.edu
D. E. Shaw Research,deshawresearch.com,deshaw.com,desr.deshawresearch.com
,,dice.hhu.de,
Dickinson College,dickinson.edu,dickinson.edu,dc.dickinson.edu
,,diether.org,
,,dii.uchile.cl,
University of Florence,unifi.it,disia.unifi.it,uof.unifi.it
,,diw.de,
,,dklevine.com,
,,dlthornton.com,
Drake University,drake.edu,drake.edu,du.drake.edu
Drexel University,drexel.edu,drexel.edu,du.drexel.edu
University of Florence,unifi.it,ds.unifi.it,uof.unifi.it
University of Denver,du.edu,du.edu,uod.du.edu
University of Danang,udn.vn,due.udn.vn,uod.udn.vn
Duke University,duke.edu,duke.edu,du.duke.edu
,,duquesne.com,
Durham University,dur.ac.uk,durham.ac.uk,du.dur.ac.uk
University of Tokyo,u-tokyo.ac.jp,e.u-tokyo.ac.jp,uot.u-tokyo.ac.jp
,,ebrd.com,
"European Commission, Joint Research Centre",europa.eu,ec.europa.eu,ecjrc.europa.eu
"European Commission, Joint Research Centre",europa.eu,ecb.europa.eu,ecjrc.europa.eu
,,ecb.int,
University of Utah,utah.edu,eccles.utah.edu,uou.utah.edu
,,ecn.ulaval.ca,
Universidad Carlos III de Madrid,uc3m.es,eco.uc3m.es,ucidm.uc3m.es
University of Texas at Austin,utexas.edu,eco.utexas.edu,uotaa.utexas.edu
Aarhus University,au.dk,econ.au.dk,au.au.dk
"University of California, Berkeley",berkeley.edu,econ.berkeley.edu,uocb.berkeley.edu
University of Cambridge,cam.ac.uk,econ.cam.ac.uk,uoc.cam.ac.uk
Duke University,duke.edu,econ.duke.edu,du.duke.edu
University of Haifa,haifa.ac.il,econ.haifa.ac.il,uoh.haifa.ac.il
香港大学,hku.hk,econ.hku.hk,香.hku.hk
Keio University,keio.ac.jp,econ.keio.ac.jp,ku.keio.ac.jp
University of Copenhagen,ku.dk,econ.ku.dk,uoc.ku.dk
Kyoto University,kyoto-u.ac.jp,econ.kyoto-u.ac.jp,ku.kyoto-u.ac.jp
University of Munich,lmu.de,econ.lmu.de,uom.lmu.de
,,econ.puc-rio.br,
Queen's University,queensu.ca,econ.queensu.ca,qu.queensu.ca
Rutgers University,rutgers.edu,econ.rutgers.edu,ru.rutgers.edu
"University of California, Los Angeles",ucla.edu,econ.ucla.edu,uocla.ucla.edu
"University of California, Santa Barbara",ucsb.edu,econ.ucsb.edu,uocsb.ucsb.edu
University of Oslo,uio.no,econ.uio.no,uoo.uio.no
University of Maryland,umd.edu,econ.umd.edu,uom.umd.edu
,,econ.unito.it,
University of Pennsylvania,upenn.edu,econ.upenn.edu,uop.upenn.edu
University of Zurich,uzh.ch,econ.uzh.ch,uoz.uzh.ch
York University,yorku.ca,econ.yorku.ca,yu.yorku.ca
,,econdse.org,
Texas A&M University,tamu.edu,econmail.tamu.edu,tau.tamu.edu
University of Gothenburg,gu.se,economics.gu.se,uog.gu.se
University of Oxford,ox.ac.uk,economics.ox.ac.uk,uoo.ox.ac.uk
Rutgers University,rutgers.edu,economics.rutgers.edu,ru.rutgers.edu
"University of Massachusetts, Amherst",umass.edu,econs.umass.edu,uoma.umass.edu
University of Edinburgh,ed.ac.uk,ed.ac.uk,uoe.ed.ac.uk
EDHEC Business School,edhec.edu,edhec.edu,ebs.edhec.edu
,,eduhk.hk,
,,ehess.fr,
University of the Basque Country,ehu.es,ehu.es,uotbc.ehu.es
,,eib.org,
,,eief.it,
University of Arizona,arizona.edu,eller.arizona.edu,uoa.arizona.edu
Elon University,elon.edu,elon.edu,eu.elon.edu
University of Arizona,arizona.edu,email.arizona.edu,uoa.arizona.edu
George Washington University,gwu.edu,email.gwu.edu,gwu.gwu.edu
University of North Carolina at Chapel Hill,unc.edu,email.unc.edu,uoncach.unc.edu
Emory University,emory.edu,emory.edu,eu.emory.edu
Universidad Carlos III de Madrid,uc3m.es,emp.uc3m.es,ucidm.uc3m.es
Ecole des Ponts ParisTech,enpc.fr,enpc.fr,edpp.enpc.fr
,,ens-lyon.fr,
,,ens.fr,
ENSAE ParisTech,ensae.fr,ensae.fr,ep.ensae.fr
Swiss Federal Institute of Technology in Lausanne,epfl.ch,epfl.ch,sfiotil.epfl.ch
University of Florida,ufl.edu,epi.ufl.edu,uof.ufl.edu
,,erols.com,
ESADE Business School,esade.edu,esade.edu,ebs.esade.edu
ESCP Europe,escpeurope.eu,escpeurope.eu,ee.escpeurope.eu
Erasmus University Rotterdam,eur.nl,ese.eur.nl,eur.eur.nl
ESSEC Business School,essec.edu,essec.edu,ebs.essec.edu
University of Essex,essex.ac.uk,essex.ac.uk,uoe.essex.ac.uk
Universidad Carlos III de Madrid,uc3m.es,est-econ.uc3m.es,ucidm.uc3m.es
,,esterni.bancaditalia.it,
ETH Zürich,ethz.ch,ethz.ch,ez.ethz.ch
European University Institute,eui.eu,eui.eu,eui.eui.eu
,,evince-am.com,
Texas A&M University,tamu.edu,exchange.tamu.edu,tau.tamu.edu
University of Exeter,exeter.ac.uk,exeter.ac.uk,uoe.exeter.ac.uk
University of Oxford,ox.ac.uk,exeter.ox.ac.uk,uoo.ox.ac.uk
University of Luxembourg,uni.lu,ext.uni.lu,uol.uni.lu
IE University,ie.edu,faculty.ie.edu,iu.ie.edu
Fairfield University,fairfield.edu,fairfield.edu,fu.fairfield.edu
Food and Agriculture Organization,fao.org,fao.org,faao.fao.org
Harvard University,harvard.edu,fas.harvard.edu,hu.harvard.edu
,,fastmail.com,
Florida Atlantic University,fau.edu,fau.edu,fau.fau.edu
,,fca.org.uk,
,,fce.uba.ar,
,,fedea.es,
,,feldhutter.com,
,,fen.uchile.cl,
Florida Gulf Coast University,fgcu.edu,fgcu.edu,fgcu.fgcu.edu
,,fgv.br,
Norwegian Institute of Public Health,fhi.no,fhi.no,nioph.fhi.no
,,fhnw.ch,
Goethe University Frankfurt,uni-frankfurt.de,finance.uni-frankfurt.de,guf.uni-frankfurt.de
Ohio State University,osu.edu,fisher.osu.edu,osu.osu.edu
,,flatironinstitute.org,
"Radboud University, Nijmegen",ru.nl,fm.ru.nl,run.ru.nl
,,fmt.uni-hannover.de,
University of Belgrade,bg.ac.rs,fon.rs,uob.bg.ac.rs
Fordham University,fordham.edu,fordham.edu,fu.fordham.edu
,,foxrothschild.com,
US Federal Reserve Board,frb.gov,frb.gov,ufrb.frb.gov
Federal Reserve Bank of Chicago,frbchi.org,frbchi.org,frboc.frbchi.org
Frankfurt School of Finance & Management,fs.de,fs.de,fsof&m.fs.de
Florida State University,fsu.edu,fsu.edu,fsu.fsu.edu
Charles University in Prague,cuni.cz,fsv.cuni.cz,cuip.cuni.cz
,,fu-berlin.de,
复旦大学,fudan.edu.cn,fudan.edu.cn,复.fudan.edu.cn
Harvard University,harvard.edu,g.harvard.edu,hu.harvard.edu
,,g.jct.ac.il,
University of Kentucky,uky.edu,g.uky.edu,uok.uky.edu
,,gapps.uwcsea.edu.sg,
Georgia College,gcsu.edu,gcsu.edu,gc.gcsu.edu
Georgetown University,georgetown.edu,georgetown.edu,gu.georgetown.edu
University of Glasgow,gla.ac.uk,glasgow.ac.uk,uog.gla.ac.uk
"Soochow University, Taipei",scu.edu.tw,gm.scu.edu.tw,sut.scu.edu.tw
George Mason University,gmu.edu,gmu.edu,gmu.gmu.edu
,,gobetterfly.com,
Google Inc.,google.com,google.com,gi.google.com
Harvard University,harvard.edu,gov.harvard.edu,hu.harvard.edu
Graduate Institute of International and Development Studies,graduateinstitute.ch,graduateinstitute.ch,gioiads.graduateinstitute.ch
Griffith University,griffith.edu.au,griffith.edu.au,gu.griffith.edu.au
Grinnell College,grinnell.edu,grinnell.edu,gc.grinnell.edu
National Graduate Institute for Policy Studies,grips.ac.jp,grips.ac.jp,ngifps.grips.ac.jp
Columbia University,columbia.edu,gsb.columbia.edu,cu.columbia.edu
北京大学,pku.edu.cn,gsm.pku.edu.cn,北.pku.edu.cn
Georgia State University,gsu.edu,gsu.edu,gsu.gsu.edu
George Washington University,gwu.edu,gwu.edu,gwu.gwu.edu
"University of California, Berkeley",berkeley.edu,haas.berkeley.edu,uocb.berkeley.edu
Hanken School of Economics,hanken.fi,hanken.fi,hsoe.hanken.fi
,,haraldhau.com,
Harvard University,harvard.edu,harvard.edu,hu.harvard.edu
University of Hawaii,hawaii.edu,hawaii.edu,uoh.hawaii.edu
Harvard University,harvard.edu,hbs.edu,hu.harvard.edu
University of Bonn,uni-bonn.de,hcm.uni-bonn.de,uob.uni-bonn.de
,,hcp.med.harvard.edu,
University of Southern California,usc.edu,healthpolicy.usc.edu,uosc.usc.edu
,,hec.ca,
HEC Paris,hec.fr,hec.fr,hp.hec.fr
Stockholm School of Economics,hhs.se,hhs.se,ssoe.hhs.se
Hong Kong Baptist University,hkbu.edu.hk,hkbu.edu.hk,hkbu.hkbu.edu.hk
,,hkma.gov.hk,
Harvard University,harvard.edu,hks.harvard.edu,hu.harvard.edu
香港大学,hku.hk,hku.hk,香.hku.hk
Hofstra University,hofstra.edu,hofstra.edu,hu.hofstra.edu
,,home24.de,
,,homedepot.com,
,,hse.ru,
Harvard University,harvard.edu,hsph.harvard.edu,hu.harvard.edu
California Institute of Technology,caltech.edu,hss.caltech.edu,ciot.caltech.edu
,,hu-berlin.de,
Hitotsubashi University,hit-u.ac.jp,hub.hit-u.ac.jp,hu.hit-u.ac.jp
Hebrew University of Jerusalem,huji.ac.il,huji.ac.il,huoj.huji.ac.il
Institute for Employment Research,iab.de,iab.de,ifer.iab.de
Inter-American Development Bank,iadb.org,iadb.org,idb.iadb.org
Spanish National Research Council,csic.es,iae.csic.es,snrc.csic.es
Institute for Advanced Study,ias.edu,ias.edu,ifas.ias.edu
Iowa State University,iastate.edu,iastate.edu,isu.iastate.edu
Imperial College London,imperial.ac.uk,ic.ac.uk,icl.imperial.ac.uk
,,ida.org,
"Interdisciplinary Center, Herzliya",idc.ac.il,idc.ac.il,ich.idc.ac.il
IE University,ie.edu,ie.edu,iu.ie.edu
Northwestern University,northwestern.edu,iems.northwestern.edu,nu.northwestern.edu
,,iepecdg.com,
IESE Business School,iese.edu,iese.edu,ibs.iese.edu
Uppsala University,uu.se,ifau.uu.se,uu.uu.se
,,ifn.se,
Ifo Institute,ifo.de,ifo.de,ii.ifo.de
,,ifs.org.uk,
Kiel Institute for the World Economy,ifw-kiel.de,ifw-kiel.de,kiftwe.ifw-kiel.de
,,ihu.edu.tr,
Stockholm University,su.se,iies.su.se,su.su.se
University of Illinois at Urbana-Champaign,uiuc.edu,illinois.edu,uoiau.uiuc.edu
"International Institute for Management Development, Lausanne",imd.org,imd.ch,iifmdl.imd.org
"International Institute for Management Development, Lausanne",imd.org,imd.org,iifmdl.imd.org
International Monetary Fund,imf.org,imf.org,imf.imf.org
Imperial College London,imperial.ac.uk,imperial.ac.uk,icl.imperial.ac.uk
,,ina.fr,
Indiana University,iu.edu,indiana.edu,iu.iu.edu
INSEAD,insead.edu,insead.edu,i.insead.edu
,,insper.edu.br,
"University of California, Los Angeles",ucla.edu,ioes.ucla.edu,uocla.ucla.edu
,,ipportalegre.pt,
Harvard University,harvard.edu,iq.harvard.edu,hu.harvard.edu
Indian School of Business,isb.edu,isb.edu,isob.isb.edu
"University of California, Berkeley",berkeley.edu,ischool.berkeley.edu,uocb.berkeley.edu
,,iseg.ulisboa.pt,
"University of Massachusetts, Amherst",umass.edu,isenberg.umass.edu,uoma.umass.edu
Osaka University,osaka-u.ac.jp,iser.osaka-u.ac.jp,ou.osaka-u.ac.jp
Indian Statistical Institute,isical.ac.in,isid.ac.in,isi.isical.ac.in
National Research Council of Italy,cnr.it,ispa.cnr.it,nrcoi.cnr.it
Georgia Institute of Technology,gatech.edu,isye.gatech.edu,giot.gatech.edu
,,itam.mx,
Indiana University,iu.edu,iu.edu,iu.iu.edu
Indiana University Purdue University,iupui.edu,iupui.edu,iupu.iupui.edu
University of Western Ontario,uwo.ca,ivey.ca,uowo.uwo.ca
,,iwh-halle.de,
Institute for the Study of Labor,iza.org,iza.org,iftsol.iza.org
,,javeriana.edu.co,
University of Cambridge,cam.ac.uk,jbs.cam.ac.uk,uoc.cam.ac.uk
,,jcom.zaq.ne.jp,
,,jeffely.com,
,,jeremygreenwood.net,
Johns Hopkins University,jhu.edu,jhu.edu,jhu.jhu.edu
"Johannes Kepler University, Linz",jku.at,jku.at,jkul.jku.at
Jacksonville University,ju.edu,ju.edu,ju.ju.edu
,,juelsrud.no,
,,juliemwulf.com,
,,kadk.dk,
Korea Advanced Institute of Science and Technology,kaist.edu,kaist.ac.kr,kaiosat.kaist.edu
University of Pittsburgh,pitt.edu,katz.pitt.edu,uop.pitt.edu
Federal Reserve Bank of Kansas City,kc.frb.org,kc.frb.org,frbokc.kc.frb.org
King's College London,kcl.ac.uk,kcl.ac.uk,kcl.kcl.ac.uk
Northwestern University,northwestern.edu,kellogg.northwestern.edu,nu.northwestern.edu
University of North Carolina at Chapel Hill,unc.edu,kenan-flagler.unc.edu,uoncach.unc.edu
Kennesaw State University,kennesaw.edu,kennesaw.edu,ksu.kennesaw.edu
University of Kent,kent.ac.uk,kent.ac.uk,uok.kent.ac.uk
Kent State University,kent.edu,kent.edu,ksu.kent.edu
,,khug.or.kr,
Kyoto University,kyoto-u.ac.jp,kier.kyoto-u.ac.jp,ku.kyoto-u.ac.jp
Karlsruhe Institute of Technology,kit.edu,kit.edu,kiot.kit.edu
,,klenow.net,
Kobe University,kobe-u.ac.jp,kobe-u.ac.jp,ku.kobe-u.ac.jp
Korea University,korea.ac.kr,korea.ac.kr,ku.korea.ac.kr
University of Bern,unibe.ch,kpm.unibe.ch,uob.unibe.ch
Hungarian Academy of Sciences,mta.hu,krtk.mta.hu,haos.mta.hu
Kansas State University,ksu.edu,ksu.edu,ksu.ksu.edu
,,ku.ac.ae,
University of Kansas,ku.edu,ku.edu,uok.ku.edu
,,ku.edu.tr,
"Katholieke Universiteit, Leuven",kuleuven.be,kuleuven.be,kul.kuleuven.be
Kwansei Gakuin University,kwansei.ac.jp,kwansei.ac.jp,kgu.kwansei.ac.jp
Lancaster University,lancaster.ac.uk,lancaster.ac.uk,lu.lancaster.ac.uk
"University of California, Berkeley",berkeley.edu,law.berkeley.edu,uocb.berkeley.edu
Georgetown University,georgetown.edu,law.georgetown.edu,gu.georgetown.edu
Harvard University,harvard.edu,law.harvard.edu,hu.harvard.edu
Stanford University,stanford.edu,law.stanford.edu,su.stanford.edu
University of Pennsylvania,upenn.edu,law.upenn.edu,uop.upenn.edu
University of Virginia,virginia.edu,law.virginia.edu,uov.virginia.edu
,,lawrencejlau.hk,
,,lazard.com,
Lawrence Berkeley National Laboratory,lbl.gov,lbl.gov,lbnl.lbl.gov
University of Leicester,le.ac.uk,le.ac.uk,uol.le.ac.uk
,,leatherbee.com,
Lehigh University,lehigh.edu,lehigh.edu,lu.lehigh.edu
University of Liverpool,liv.ac.uk,liverpool.ac.uk,uol.liv.ac.uk
Paris Diderot University,univ-paris-diderot.fr,ljll.univ-paris-diderot.fr,pdu.univ-paris-diderot.fr
,,llorracc.org,
University of Munich,lmu.de,lmu.de,uom.lmu.de
Lingnan University,ln.edu.hk,ln.edu.hk,lu.ln.edu.hk
London Business School,london.edu,london.edu,lbs.london.edu
University of Louisville,louisville.edu,louisville.edu,uol.louisville.edu
University of Munich,lmu.de,lrz.uni-muenchen.de,uom.lmu.de
London School of Economics,lse.ac.uk,lse.ac.uk,lsoe.lse.ac.uk
Louisiana State University,lsu.edu,lsu.edu,lsu.lsu.edu
,,lsus.edu,
Loyola University Chicago,luc.edu,luc.edu,luc.luc.edu
LUISS Guido Carli,luiss.it,luiss.it,lgc.luiss.it
"University of California, Los Angeles",ucla.edu,luskin.ucla.edu,uocla.ucla.edu
,,lyft.com,
Maastricht University,maastrichtuniversity.nl,maastrichtuniversity.nl,mu.maastrichtuniversity.nl
,,macminn.org,
Mahidol University,mahidol.ac.th,mahidol.ac.th,mu.mahidol.ac.th
Bar-Ilan University,biu.ac.il,mail.biu.ac.il,bu.biu.ac.il
,,mail.cox.smu.edu,
,,mail.geog.uvic.ca,
Hebrew University of Jerusalem,huji.ac.il,mail.huji.ac.il,huoj.huji.ac.il
Jawaharlal Nehru University,jnu.ac.in,mail.jnu.ac.in,jnu.jnu.ac.in
Shanghai University of Finance and Economics,shufe.edu.cn,mail.shufe.edu.cn,suofae.shufe.edu.cn
Southern Methodist University,smu.edu,mail.smu.edu,smu.smu.edu
University of British Columbia,ubc.ca,mail.ubc.ca,uobc.ubc.ca
中国科学技术大学,ustc.edu.cn,mail.ustc.edu.cn,中.ustc.edu.cn
University of Texas at Austin,utexas.edu,mail.utexas.edu,uotaa.utexas.edu
West Virginia University,wvu.edu,mail.wvu.edu,wvu.wvu.edu
University of Manchester,manchester.ac.uk,manchester.ac.uk,uom.manchester.ac.uk
University of Southern California,usc.edu,marshall.usc.edu,uosc.usc.edu
Massey University,massey.ac.nz,massey.ac.nz,mu.massey.ac.nz
Columbia University,columbia.edu,math.columbia.edu,cu.columbia.edu
Hebrew University of Jerusalem,huji.ac.il,math.huji.ac.il,huoj.huji.ac.il
McMaster University,mcmaster.ca,math.mcmaster.ca,mu.mcmaster.ca
,,mathematik.uni-marburg.de,
Texas A&M University,tamu.edu,mays.tamu.edu,tau.tamu.edu
University of Manchester,manchester.ac.uk,mbs.ac.uk,uom.manchester.ac.uk
University of Melbourne,unimelb.edu.au,mbs.edu,uom.unimelb.edu.au
University of Texas at Austin,utexas.edu,mccombs.utexas.edu,uotaa.utexas.edu
McGill University,mcgill.ca,mcgill.ca,mu.mcgill.ca
McMaster University,mcmaster.ca,mcmaster.ca,mu.mcmaster.ca
Heidelberg University,uni-heidelberg.de,med.uni-heidelberg.de,hu.uni-heidelberg.de
University of Miami,miami.edu,miami.edu,uom.miami.edu
Miami University of Ohio,miamioh.edu,miamioh.edu,muoo.miamioh.edu
Microsoft Corporation,microsoft.com,microsoft.com,mc.microsoft.com
Middlebury College,middlebury.edu,middlebury.edu,mc.middlebury.edu
,,mik.uni-hannover.de,
,,mines-paristech.fr,
,,mingshiim.com,
,,minneapolisfed.org,
University of Missouri,missouri.edu,missouri.edu,uom.missouri.edu
Massachusetts Institute of Technology,mit.edu,mit.edu,miot.mit.edu
Tarbiat Modares University,modares.ac.ir,modares.ac.ir,tmu.modares.ac.ir
,,modul.ac.ae,
Monash University,monash.edu,monash.edu,mu.monash.edu
Montana State University,montana.edu,montana.edu,msu.montana.edu
University of South Carolina,sc.edu,moore.sc.edu,uosc.sc.edu
University of Minnesota,umn.edu,morris.umn.edu,uom.umn.edu
,,movebarcelona.eu,
,,mpls.frb.org,
Macquarie University,mq.edu.au,mq.edu.au,mu.mq.edu.au
,,msm.nl,
Mississippi State University,msstate.edu,msstate.edu,msu.msstate.edu
Michigan State University,msu.edu,msu.edu,msu.msu.edu
,,mta.ac.il,
Marquette University,marquette.edu,mu.edu,mu.marquette.edu
Medical University of South Carolina,musc.edu,musc.edu,muosc.musc.edu
国立清华大学,nthu.edu.tw,mx.nthu.edu.tw,国.nthu.edu.tw
,,nbb.be,
,,nber.org,
,,nbim.no,
North Carolina State University,ncsu.edu,ncsu.edu,ncsu.ncsu.edu
University of Notre Dame,nd.edu,nd.edu,uond.nd.edu
Stockholm University,su.se,ne.su.se,su.su.se
Lund University,lu.se,nek.lu.se,lu.lu.se
Uppsala University,uu.se,nek.uu.se,uu.uu.se
New Economic School,nes.ru,nes.ru,nes.nes.ru
Netflix,netflix.com,netflix.com,n.netflix.com
"Northeastern University, Boston",neu.edu,neu.edu,nub.neu.edu
University of Newcastle,newcastle.edu.au,newcastle.edu.au,uon.newcastle.edu.au
New School for Social Research,newschool.edu,newschool.edu,nsfsr.newschool.edu
,,nextwaveimpact.com,
,,nhh.no,
,,nic.in,
,,nicholsweb.net,
National Institute of Economic and Social Research,niesr.ac.uk,niesr.ac.uk,nioeasr.niesr.ac.uk
Northern Illinois University,niu.edu,niu.edu,niu.niu.edu
Nanjing University,nju.edu.cn,nju.edu.cn,nu.nju.edu.cn
,,norges-bank.no,
,,northeastern.edu,
Northwestern University,northwestern.edu,northwestern.edu,nu.northwestern.edu
University of Nottingham,nottingham.ac.uk,nottingham.ac.uk,uon.nottingham.ac.uk
Nova School of Business and Economics,novasbe.pt,novasbe.pt,nsobae.novasbe.pt
Naval Postgraduate School,nps.edu,nps.edu,nps.nps.edu
北京大学,pku.edu.cn,nsd.pku.edu.cn,北.pku.edu.cn
Norwegian University of Science and Technology,ntnu.no,ntnu.no,nuosat.ntnu.no
南洋理工大学,ntu.edu.sg,ntu.edu.sg,南.ntu.edu.sg
国立台湾大学,ntu.edu.tw,ntu.edu.tw,国.ntu.edu.tw
Nazarbayev University,nu.edu.kz,nu.edu.kz,nu.nu.edu.kz
University of Oxford,ox.ac.uk,nuffield.ox.ac.uk,uoo.ox.ac.uk
National University of Singapore,nus.edu.sg,nus.edu.sg,nuos.nus.edu.sg
Federal Reserve Bank of New York,ny.frb.org,ny.frb.org,frbony.ny.frb.org
,,nyc.rr.com,
,,nycap.rr.com,
New York University,nyu.edu,nyu.edu,nyu.nyu.edu
Oakland University,oakland.edu,oakland.edu,ou.oakland.edu
Office of the Comptroller of the Currency,treas.gov,occ.treas.gov,ootcotc.treas.gov
Organisation for Economic Co-operation and Development,oecd.org,oecd.org,ofecad.oecd.org
,,ofcom.org.uk,
,,ofr.treasury.gov,
University of Mississippi,olemiss.edu,olemiss.edu,uom.olemiss.edu
,,oliverwyman.com,
,,ono.ac.il,
Open University of Israel,openu.ac.il,openu.ac.il,ouoi.openu.ac.il
Oregon State University,oregonstate.edu,oregonstate.edu,osu.oregonstate.edu
Oregon State University,oregonstate.edu,orst.edu,osu.oregonstate.edu
Ohio State University,osu.edu,osu.edu,osu.osu.edu
University of Oklahoma,ou.edu,ou.edu,uoo.ou.edu
Vanderbilt University,vanderbilt.edu,owen.vanderbilt.edu,vu.vanderbilt.edu
Ozyegin University,ozyegin.edu.tr,ozyegin.edu.tr,ou.ozyegin.edu.tr
Palo Alto Research Center,parc.com,parc.com,parc.parc.com
,,parisnanterre.fr,
Paris School of Economics,parisschoolofeconomics.eu,parisschoolofeconomics.eu,psoe.parisschoolofeconomics.eu
University of Chicago,uchicago.edu,pascal.uchicago.edu,uoc.uchicago.edu
,,paulromer.net,
清华大学,tsinghua.edu.cn,pbcsf.tsinghua.edu.cn,清.tsinghua.edu.cn
University of Peradeniya,pdn.ac.lk,pdn.ac.lk,uop.pdn.ac.lk
,,pembertonresearch.com,
北京大学,pku.edu.cn,phbs.pku.edu.cn,北.pku.edu.cn
,,phd.mccombs.utexas.edu,
Federal Reserve Bank of Philadelphia,phil.frb.org,phil.frb.org,frbop.phil.frb.org
University of Oxford,ox.ac.uk,philosophy.ox.ac.uk,uoo.ox.ac.uk
,,piie.com,
Potsdam Institute for Climate Impact Research,pik-potsdam.de,pik-potsdam.de,pifcir.pik-potsdam.de
,,pimco.com,
,,pistons.com,
University of Pittsburgh,pitt.edu,pitt.edu,uop.pitt.edu
Hebrew University of Jerusalem,huji.ac.il,pluto.huji.ac.il,huoj.huji.ac.il
Polytechnic University of Milan,polimi.it,polimi.it,puom.polimi.it
Politecnico di Torino,polito.it,polito.it,pdt.polito.it
"University of California, Santa Barbara",ucsb.edu,polsci.ucsb.edu,uocsb.ucsb.edu
Ecole Polytechnique,polytechnique.edu,polytechnique.edu,ep.polytechnique.edu
香港理工大学,polyu.hk,polyu.edu.hk,香.polyu.hk
Pomona College,pomona.edu,pomona.edu,pc.pomona.edu
University of Pennsylvania,upenn.edu,pop.upenn.edu,uop.upenn.edu
Harvard University,harvard.edu,post.harvard.edu,hu.harvard.edu
Tel Aviv University,tau.ac.il,post.tau.ac.il,tau.tau.ac.il
,,pr-advisory.com,
Princeton University,princeton.edu,princeton.edu,pu.princeton.edu
"Prof. Hester Eisenstein hester1@ prodigy. net Soc. 83300–GENDER and GLOBALIZATION {23377} Tuesdays, 11: 45–1: 45 pm, Room TBA, 3 credits",保存,prodigy.net,phehpns8ag{t144prt3c.保存
,,pse.ens.fr,
Paris School of Economics,parisschoolofeconomics.eu,psemail.eu,psoe.parisschoolofeconomics.eu
Pennsylvania State University,psu.edu,psu.edu,psu.psu.edu
Purdue University,purdue.edu,purdue.edu,pu.purdue.edu
University of Oxford,ox.ac.uk,qeh.ox.ac.uk,uoo.ox.ac.uk
Queen Mary University of London,qmul.ac.uk,qmul.ac.uk,qmuol.qmul.ac.uk
Queen's University Belfast,qub.ac.uk,qub.ac.uk,qub.qub.ac.uk
,,queens.edu,
Queen's University,queensu.ca,queensu.ca,qu.queensu.ca
Queensland University of Technology,qut.edu.au,qut.edu.au,quot.qut.edu.au
,,qvradvisors.com,
Hitotsubashi University,hit-u.ac.jp,r.hit-u.ac.jp,hu.hit-u.ac.jp
,,ranepa.ru,
Rutgers University,rutgers.edu,rbsmail.rutgers.edu,ru.rutgers.edu
Rutgers University,rutgers.edu,rci.rutgers.edu,ru.rutgers.edu
University of Reading,reading.ac.uk,reading.ac.uk,uor.reading.ac.uk
,,resourcegovernance.org,
"Resources for the Future, Washington DC",rff.org,rff.org,rftfwd.rff.org
University of Maryland,umd.edu,rhsmith.umd.edu,uom.umd.edu
"Royal Holloway, University of London",rhul.ac.uk,rhul.ac.uk,rhuol.rhul.ac.uk
Rice University,rice.edu,rice.edu,ru.rice.edu
Federal Reserve Bank of Richmond,rich.frb.org,rich.frb.org,frbor.rich.frb.org
University of Richmond,richmond.edu,richmond.edu,uor.richmond.edu
California Institute of Technology,caltech.edu,rioja.caltech.edu,ciot.caltech.edu
Renmin University of China,ruc.edu.cn,rmbs.ruc.edu.cn,ruoc.ruc.edu.cn
University of Rochester,rochester.edu,rochester.edu,uor.rochester.edu
University of Toronto,utoronto.ca,rotman.utoronto.ca,uot.utoronto.ca
Rensselaer Polytechnic Institute,rpi.edu,rpi.edu,rpi.rpi.edu
Erasmus University Rotterdam,eur.nl,rsm.nl,eur.eur.nl
Royal Society for the Protection of Birds,rspb.org.uk,rspb.org.uk,rsftpob.rspb.org.uk
,,rsu3.org,
"Radboud University, Nijmegen",ru.nl,ru.nl,run.ru.nl
Renmin University of China,ruc.edu.cn,ruc.edu.cn,ruoc.ruc.edu.cn
University of Groningen,rug.nl,rug.nl,uog.rug.nl
Rutgers University,rutgers.edu,rutgers.edu,ru.rutgers.edu
,,s.afeka.ac.il,
Sabanci University,sabanciuniv.edu,sabanciuniv.edu,su.sabanciuniv.edu
,,safe-frankfurt.de,
Goethe University Frankfurt,uni-frankfurt.de,safe.uni-frankfurt.de,guf.uni-frankfurt.de
上海交通大学,sjtu.edu.cn,saif.sjtu.edu.cn,上.sjtu.edu.cn
University of Southern Denmark,sdu.dk,sam.sdu.dk,uosd.sdu.dk
Santa Fe Institute,santafe.edu,santafe.edu,sfi.santafe.edu
,,saouma.ch,
SAS Institute Inc,sas.com,sas.com,sii.sas.com
University of Pennsylvania,upenn.edu,sas.upenn.edu,uop.upenn.edu
University of British Columbia,ubc.ca,sauder.ubc.ca,uobc.ubc.ca
University of Oxford,ox.ac.uk,sbs.ox.ac.uk,uoo.ox.ac.uk
Stockholm University,su.se,sbs.su.se,su.su.se
Georgia Institute of Technology,gatech.edu,scheller.gatech.edu,giot.gatech.edu
,,schroders.com,
York University,yorku.ca,schulich.yorku.ca,yu.yorku.ca
,,sciences-po.fr,
Sciences Po,sciencespo.fr,sciencespo.fr,sp.sciencespo.fr
Santa Clara University,scu.edu,scu.edu,scu.scu.edu
Shandong University,sdu.edu.cn,sdu.edu.cn,su.sdu.edu.cn
香港中文大学,cuhk.edu.hk,se.cuhk.edu.hk,香.cuhk.edu.hk
Harvard University,harvard.edu,seas.harvard.edu,hu.harvard.edu
,,sec.gov,
清华大学,tsinghua.edu.cn,sem.tsinghua.edu.cn,清.tsinghua.edu.cn
Federal Reserve Bank of San Francisco,sf.frb.org,sf.frb.org,frbosf.sf.frb.org
Simon Fraser University,sfu.ca,sfu.ca,sfu.sfu.ca
University of Sheffield,shef.ac.uk,sheffield.ac.uk,uos.shef.ac.uk
Seton Hall University,shu.edu,shu.edu,shu.shu.edu
Shanghai University of Finance and Economics,shufe.edu.cn,shufe.edu.cn,suofae.shufe.edu.cn
University of Rochester,rochester.edu,simon.rochester.edu,uor.rochester.edu
"Southern Illinois University, Edwardsville",siue.edu,siue.edu,siue.siue.edu
SKEMA Business School,skema.edu,skema.edu,sbs.skema.edu
Southern Methodist University,smu.edu,smu.edu,smu.smu.edu
Singapore Management University,smu.edu.sg,smu.edu.sg,smu.smu.edu.sg
Seoul National University,snu.ac.kr,snu.ac.kr,snu.snu.ac.kr
Stockholm University,su.se,sofi.su.se,su.su.se
Sogang University,sogang.ac.kr,sogang.ac.kr,su.sogang.ac.kr
University of Southampton,soton.ac.uk,soton.ac.uk,uos.soton.ac.uk
Seattle Pacific University,spu.edu,spu.edu,spu.spu.edu
Statistics Norway,ssb.no,ssb.no,sn.ssb.no
University of Pennsylvania,upenn.edu,ssc.upenn.edu,uop.upenn.edu
University of Wisconsin-Madison,wisc.edu,ssc.wisc.edu,uow.wisc.edu
University of St Andrews,st-andrews.ac.uk,st-andrews.ac.uk,uosa.st-andrews.ac.uk
Stanford University,stanford.edu,stanford.edu,su.stanford.edu
,,statistik.uni-koeln.de,
Uppsala University,uu.se,statsvet.uu.se,uu.uu.se
New York University,nyu.edu,stern.nyu.edu,nyu.nyu.edu
Stevens Institute of Technology,stevens.edu,stevens.edu,siot.stevens.edu
University of Stirling,stir.ac.uk,stir.ac.uk,uos.stir.ac.uk
Federal Reserve Bank of St. Louis,stls.frb.org,stls.frb.org,frbosl.stls.frb.org
State University of New York at Stony Brook,stonybrook.edu,stonybrook.edu,suonyasb.stonybrook.edu
University of Strathclyde,strath.ac.uk,strath.ac.uk,uos.strath.ac.uk
Stockholm University,su.se,su.se,su.su.se
,,sufe.edu.cn,
Suffolk University,suffolk.edu,suffolk.edu,su.suffolk.edu
,,sultanum.com,
University of Surrey,surrey.ac.uk,surrey.ac.uk,uos.surrey.ac.uk
University of Sussex,sussex.ac.uk,sussex.ac.uk,uos.sussex.ac.uk
Southwestern University of Finance and Economics,swufe.edu.cn,swufe.edu.cn,suofae.swufe.edu.cn
University of Sydney,sydney.edu.au,sydney.edu.au,uos.sydney.edu.au
Syracuse University,syr.edu,syr.edu,su.syr.edu
,,talktalk.net,
Texas A&M University,tamu.edu,tamu.edu,tau.tamu.edu
Tel Aviv University,tau.ac.il,tau.ac.il,tau.tau.ac.il
Tel Aviv University,tau.ac.il,tauex.tau.ac.il,tau.tau.ac.il
Toulouse Business School,tbs-education.fr,tbs-education.fr,tbs.tbs-education.fr
Thammasat University,tu.ac.th,tbs.tu.ac.th,tu.tu.ac.th
Trinity College Dublin,tcd.ie,tcd.ie,tcd.tcd.ie
Texas Christian University,tcu.edu,tcu.edu,tcu.tcu.edu
Technion,technion.ac.il,technion.ac.il,t.technion.ac.il
Temple University,temple.edu,temple.edu,tu.temple.edu
Tilburg University,tilburguniversity.edu,tilburguniversity.edu,tu.tilburguniversity.edu
Towson University,towson.edu,towson.edu,tu.towson.edu
,,treasury.gov,
Toulouse School of Economics,univ-tlse1.fr,tse-fr.eu,tsoe.univ-tlse1.fr
清华大学,tsinghua.edu.cn,tsinghua.edu.cn,清.tsinghua.edu.cn
,,tsm-education.fr,
Texas Tech University,ttu.edu,ttu.edu,ttu.ttu.edu
Tallinn University of Technology,ttu.ee,ttu.ee,tuot.ttu.ee
,,tu-dortmund.de,
Dartmouth College,dartmouth.edu,tuck.dartmouth.edu,dc.dartmouth.edu
Tufts University,tufts.edu,tufts.edu,tu.tufts.edu
Tulane University,tulane.edu,tulane.edu,tu.tulane.edu
Technical University of Munich,tum.de,tum.de,tuom.tum.de
Vienna University of Technology,tuwien.ac.at,tuwien.ac.at,vuot.tuwien.ac.at
Technion,technion.ac.il,tx.technion.ac.il,t.technion.ac.il
,,u-cergy.fr,
,,u-paris2.fr,
Northwestern University,northwestern.edu,u.northwestern.edu,nu.northwestern.edu
University of Washington,uw.edu,u.washington.edu,uow.uw.edu
University of Antwerp,uantwerpen.be,ua.ac.be,uoa.uantwerpen.be
Autonomous University of Barcelona,uab.cat,uab.cat,auob.uab.cat
University of Alberta,ualberta.ca,ualberta.ca,uoa.ualberta.ca
"Universidad de los Andes, Santiago",uandes.cl,uandes.cl,udlas.uandes.cl
University of Antwerp,uantwerpen.be,uantwerpen.be,uoa.uantwerpen.be
University of Arkansas,uark.edu,uark.edu,uoa.uark.edu
University of Barcelona,ub.edu,ub.edu,uob.ub.edu
University of British Columbia,ubc.ca,ubc.ca,uobc.ubc.ca
Pontifical Catholic University of Chile,puc.cl,uc.cl,pcuoc.puc.cl
University of Cincinnati,uc.edu,uc.edu,uoc.uc.edu
Universidad Carlos III de Madrid,uc3m.es,uc3m.es,ucidm.uc3m.es
University of Calgary,ucalgary.ca,ucalgary.ca,uoc.ucalgary.ca
University of Chinese Academy of Sciences,ucas.ac.cn,ucas.ac.cn,uocaos.ucas.ac.cn
University College Dublin,ucd.ie,ucd.ie,ucd.ucd.ie
"University of California, Davis",ucdavis.edu,ucdavis.edu,uocd.ucdavis.edu
University of Colorado Denver,ucdenver.edu,ucdenver.edu,uocd.ucdenver.edu
University of Central Florida,ucf.edu,ucf.edu,uocf.ucf.edu
University of Chicago,uchicago.edu,uchicago.edu,uoc.uchicago.edu
"University of California, Irvine",uci.edu,uci.edu,uoci.uci.edu
University College London,ucl.ac.uk,ucl.ac.uk,ucl.ucl.ac.uk
"University of California, Los Angeles",ucla.edu,ucla.edu,uocla.ucla.edu
,,uclouvain.be,
University of Cincinnati,uc.edu,ucmail.uc.edu,uoc.uc.edu
"University of California, Merced",ucmerced.edu,ucmerced.edu,uocm.ucmerced.edu
University of Connecticut,uconn.edu,uconn.edu,uoc.uconn.edu
,,ucp.pt,
,,ucr.ac.cr,
"University of California, Riverside",ucr.edu,ucr.edu,uocr.ucr.edu
"University of California, Santa Barbara",ucsb.edu,ucsb.edu,uocsb.ucsb.edu
"University of California, Santa Cruz",ucsc.edu,ucsc.edu,uocsc.ucsc.edu
"University of California, San Diego",ucsd.edu,ucsd.edu,uocsd.ucsd.edu
University of Cyprus,ucy.ac.cy,ucy.ac.cy,uoc.ucy.ac.cy
University of Dayton,udayton.edu,udayton.edu,uod.udayton.edu
University of Delaware,udel.edu,udel.edu,uod.udel.edu
,,udem.edu,
,,udep.edu.pe,
,,udesa.edu.ar,
,,udp.cl,
University of East Anglia,uea.ac.uk,uea.ac.uk,uoea.uea.ac.uk
University of Florida,ufl.edu,ufl.edu,uof.ufl.edu
,,ufsc.br,
University of Ghana,ug.edu.gh,ug.edu.gh,uog.ug.edu.gh
University of Georgia,uga.edu,uga.edu,uog.uga.edu
Ghent University,ugent.be,ugent.be,gu.ugent.be
University of Houston,uh.edu,uh.edu,uoh.uh.edu
University of International Business and Economics,uibe.edu.cn,uibe.edu.cn,uoibae.uibe.edu.cn
University of Innsbruck,uibk.ac.at,uibk.ac.at,uoi.uibk.ac.at
University of Illinois at Chicago,uic.edu,uic.edu,uoiac.uic.edu
University of Iowa,uiowa.edu,uiowa.edu,uoi.uiowa.edu
University of Stavanger,uis.no,uis.no,uos.uis.no
University of Illinois at Urbana-Champaign,uiuc.edu,uiuc.edu,uoiau.uiuc.edu
University of Kentucky,uky.edu,uky.edu,uok.uky.edu
University of KwaZulu-Natal,ukzn.ac.za,ukzn.ac.za,uok.ukzn.ac.za
,,ulb.ac.be,
,,ulb.be,
University of Lethbridge,uleth.ca,uleth.ca,uol.uleth.ca
University of Murcia,um.es,um.es,uom.um.es
University of Maryland,umd.edu,umd.edu,uom.umd.edu
University of Michigan,umich.edu,umich.edu,uom.umich.edu
University of Missouri-Kansas City,umkc.edu,umkc.edu,uomc.umkc.edu
"University of Massachusetts, Lowell",uml.edu,uml.edu,uoml.uml.edu
University of Minnesota,umn.edu,umn.edu,uom.umn.edu
University of Montreal,umontreal.ca,umontreal.ca,uom.umontreal.ca
United Nations,un.org,un.org,un.un.org
University of Namur,unamur.be,unamur.be,uon.unamur.be
,,unavarra.es,
University of North Carolina at Chapel Hill,unc.edu,unc.edu,uoncach.unc.edu
University of North Carolina at Charlotte,uncc.edu,uncc.edu,uoncac.uncc.edu
University of North Carolina at Greensboro,uncg.edu,uncg.edu,uoncag.uncg.edu
University of Bayreuth,uni-bayreuth.de,uni-bayreuth.de,uob.uni-bayreuth.de
University of Bonn,uni-bonn.de,uni-bonn.de,uob.uni-bonn.de
University of Bremen,uni-bremen.de,uni-bremen.de,uob.uni-bremen.de
University of Hamburg,uni-hamburg.de,uni-hamburg.de,uoh.uni-hamburg.de
University of Hohenheim,uni-hohenheim.de,uni-hohenheim.de,uoh.uni-hohenheim.de
University of Konstanz,uni-konstanz.de,uni-konstanz.de,uok.uni-konstanz.de
University of Mannheim,uni-mannheim.de,uni-mannheim.de,uom.uni-mannheim.de
University of Würzburg,uni-wuerzburg.de,uni-wuerzburg.de,uow.uni-wuerzburg.de
University of Luxembourg,uni.lu,uni.lu,uol.uni.lu
,,uniandes.edu.co,
University of Bari,uniba.it,uniba.it,uob.uniba.it
University of Basel,unibas.ch,unibas.ch,uob.unibas.ch
University of Bergamo,unibg.it,unibg.it,uob.unibg.it
University of Bologna,unibo.it,unibo.it,uob.unibo.it
Bocconi University,unibocconi.it,unibocconi.it,bu.unibocconi.it
Free University of Bozen-Bolzano,unibz.it,unibz.it,fuob.unibz.it
,,unicatt.it,
,,unict.it,
University of Fribourg,unifr.ch,unifr.ch,uof.unifr.ch
University of Geneva,unige.ch,unige.ch,uog.unige.ch
University of Lausanne,unil.ch,unil.ch,uol.unil.ch
University of Melbourne,unimelb.edu.au,unimelb.edu.au,uom.unimelb.edu.au
University of Milan,unimi.it,unimi.it,uom.unimi.it
,,unimore.it,
University of Naples Federico II,unina.it,unina.it,uonfi.unina.it
,,uniparthenope.it,
University of Padova,unipd.it,unipd.it,uop.unipd.it
University of Perugia,unipg.it,unipg.it,uop.unipg.it
University of Piraeus,unipi.gr,unipi.gr,uop.unipi.gr
Sapienza University of Rome,uniroma1.it,uniroma1.it,suor.uniroma1.it
University of Rome Tor Vergata,uniroma2.it,uniroma2.it,uortv.uniroma2.it
,,uniroma3.it,
University of St. Gallen,unisg.ch,unisg.ch,uosg.unisg.ch
University of Strasbourg,unistra.fr,unistra.fr,uos.unistra.fr
University of Trento,unitn.it,unitn.it,uot.unitn.it
,,unito.it,
Aix-Marseille University,univ-amu.fr,univ-amu.fr,au.univ-amu.fr
,,univ-poitiers.fr,
Toulouse School of Economics,univ-tlse1.fr,univ-tlse1.fr,tsoe.univ-tlse1.fr
,,univ-tlse2.fr,
,,unive.it,
University of Vienna,univie.ac.at,univie.ac.at,uov.univie.ac.at
,,univmed.fr,
,,univpm.it,
University of Nebraska-Lincoln,unl.edu,unl.edu,uon.unl.edu
"University of Nevada, Las Vegas",unlv.edu,unlv.edu,uonlv.unlv.edu
University of New Orleans,uno.edu,uno.edu,uono.uno.edu
University of New South Wales,unsw.edu.au,unsw.edu.au,uonsw.unsw.edu.au
University of North Texas,unt.edu,unt.edu,uont.unt.edu
University of Guelph,uoguelph.ca,uoguelph.ca,uog.uoguelph.ca
University of Oregon,uoregon.edu,uoregon.edu,uoo.uoregon.edu
University of Ottawa,uottawa.ca,uottawa.ca,uoo.uottawa.ca
University of Pennsylvania,upenn.edu,upenn.edu,uop.upenn.edu
Pompeu Fabra University,upf.edu,upf.edu,pfu.upf.edu
University of Queensland,uq.edu.au,uq.edu.au,uoq.uq.edu.au
,,uqam.ca,
University of Queensland,uq.edu.au,uqconnect.edu.au,uoq.uq.edu.au
University of Rochester,rochester.edu,ur.rochester.edu,uor.rochester.edu
Urban Institute,urban.org,urban.org,ui.urban.org
University of Rhode Island,uri.edu,uri.edu,uori.uri.edu
Universidad del Rosario,urosario.edu.co,urosario.edu.co,udr.urosario.edu.co
,,usability.ws,
University of Southern California,usc.edu,usc.edu,uosc.usc.edu
University of Santiago de Compostela,usc.es,usc.es,uosdc.usc.es
US Department of Agriculture,usda.gov,usda.gov,udoa.usda.gov
University of South Florida,usf.edu,usf.edu,uosf.usf.edu
,,usherbrooke.ca,
University of Lugano,usi.ch,usi.ch,uol.usi.ch
University of São Paulo,usp.br,usp.br,uosp.usp.br
香港科技大学,ust.hk,ust.hk,香.ust.hk
Utah State University,usu.edu,usu.edu,usu.usu.edu
,,ut-capitole.fr,
University of Texas at Arlington,uta.edu,uta.edu,uotaa.uta.edu
University of Utah,utah.edu,utah.edu,uou.utah.edu
,,utalca.cl,
University of Texas at Dallas,utdallas.edu,utdallas.edu,uotad.utdallas.edu
,,utdt.edu,
University of Texas at Austin,utexas.edu,utexas.edu,uotaa.utexas.edu
University of Tennessee,utk.edu,utk.edu,uot.utk.edu
University of Toronto,utoronto.ca,utoronto.ca,uot.utoronto.ca
,,uts.cc.utexas.edu,
University of Technology Sydney,uts.edu.au,uts.edu.au,uots.uts.edu.au
University of Texas at San Antonio,utsa.edu,utsa.edu,uotasa.utsa.edu
University of Toronto,utoronto.ca,utstat.toronto.edu,uot.utoronto.ca
Utrecht University,uu.nl,uu.nl,uu.uu.nl
University of Valencia,uv.es,uv.es,uov.uv.es
University of Amsterdam,uva.nl,uva.nl,uoa.uva.nl
University of Victoria,uvic.ca,uvic.ca,uov.uvic.ca
Universidad de Vigo,uvigo.es,uvigo.es,udv.uvigo.es
Tilburg University,tilburguniversity.edu,uvt.nl,tu.tilburguniversity.edu
University of Washington,uw.edu,uw.edu,uow.uw.edu
University of Western Australia,uwa.edu.au,uwa.edu.au,uowa.uwa.edu.au
University of Waterloo,uwaterloo.ca,uwaterloo.ca,uow.uwaterloo.ca
University of Wisconsin-Milwaukee,uwm.edu,uwm.edu,uow.uwm.edu
University of Western Ontario,uwo.ca,uwo.ca,uowo.uwo.ca
University of Wyoming,uwyo.edu,uwyo.edu,uow.uwyo.edu
University of Zurich,uzh.ch,uzh.ch,uoz.uzh.ch
,,valuebase.co.il,
Vanderbilt University,vanderbilt.edu,vanderbilt.edu,vu.vanderbilt.edu
,,vanguard.com,
Vassar College,vassar.edu,vassar.edu,vc.vassar.edu
Virginia Commonwealth University,vcu.edu,vcu.edu,vcu.vcu.edu
,,vilkov.net,
Villanova University,villanova.edu,villanova.edu,vu.villanova.edu
University of Virginia,virginia.edu,virginia.edu,uov.virginia.edu
Virginia Polytechnic Institute and State University,vt.edu,vt.edu,vpiasu.vt.edu
Victoria University,vu.edu.au,vu.edu.au,vu.vu.edu.au
VU University Amsterdam,vu.nl,vu.nl,vua.vu.nl
University of Bern,unibe.ch,vwi.unibe.ch,uob.unibe.ch
University of Waikato,waikato.ac.nz,waikato.ac.nz,uow.waikato.ac.nz
,,walter-eucken-institut.de,
University of Florida,ufl.edu,warrington.ufl.edu,uof.ufl.edu
University of Warwick,warwick.ac.uk,warwick.ac.uk,uow.warwick.ac.uk
Waseda University,waseda.jp,waseda.jp,wu.waseda.jp
Wayne State University,wayne.edu,wayne.edu,wsu.wayne.edu
,,wbmacleod.net,
University of Warwick,warwick.ac.uk,wbs.ac.uk,uow.warwick.ac.uk
,,welchcon.com,
Wellesley College,wellesley.edu,wellesley.edu,wc.wellesley.edu
Wesleyan University,wesleyan.edu,wesleyan.edu,wu.wesleyan.edu
,,westpoint.edu,
Wake Forest University,wfu.edu,wfu.edu,wfu.wfu.edu
University of Pennsylvania,upenn.edu,wharton.upenn.edu,uop.upenn.edu
WHU - Otto Beisheim School of Management,whu.edu,whu.edu,w-obsom.whu.edu
Wuhan University,whu.edu.cn,whu.edu.cn,wu.whu.edu.cn
Weierstrass Institute for Applied Analysis and Stochastics,wias-berlin.de,wias-berlin.de,wifaaas.wias-berlin.de
Wichita State University,wichita.edu,wichita.edu,wsu.wichita.edu
Williams College,williams.edu,williams.edu,wc.williams.edu
Justus Liebig University Giessen,uni-giessen.de,wirtschaft.uni-giessen.de,jlug.uni-giessen.de
University of Wisconsin-Madison,wisc.edu,wisc.edu,uow.wisc.edu
,,wiso.uni-koeln.de,
,,wiwi.hu-berlin.de,
Goethe University Frankfurt,uni-frankfurt.de,wiwi.uni-frankfurt.de,guf.uni-frankfurt.de
,,wiwi.uni-marburg.de,
University of Münster,uni-muenster.de,wiwi.uni-muenster.de,uom.uni-muenster.de
Wilfrid Laurier University,wlu.ca,wlu.ca,wlu.wlu.ca
College of William and Mary,wm.edu,wm.edu,cowam.wm.edu
Western New England University,wne.edu,wne.edu,wneu.wne.edu
World Bank,worldbank.org,worldbank.org,wb.worldbank.org
Washington State University,wsu.edu,wsu.edu,wsu.wsu.edu
Vienna University of Economics and Business,wu.ac.at,wu.ac.at,vuoeab.wu.ac.at
Washington University in St. Louis,wustl.edu,wustl.edu,wuisl.wustl.edu
Western Washington University,wwu.edu,wwu.edu,wwu.wwu.edu
WZB Berlin Social Science Center,wzb.eu,wzb.eu,wbssc.wzb.eu
Xiamen University,xmu.edu.cn,xmu.edu.cn,xu.xmu.edu.cn
Yale-NUS College,yale-nus.edu.sg,yale-nus.edu.sg,yc.yale-nus.edu.sg
Yale University,yale.edu,yale.edu,yu.yale.edu
Yonsei University,yonsei.ac.kr,yonsei.ac.kr,yu.yonsei.ac.kr
University of York,york.ac.uk,york.ac.uk,uoy.york.ac.uk
York University,yorku.ca,yorku.ca,yu.yorku.ca
Albert Einstein College of Medicine,yu.edu,yu.edu,aecom.yu.edu
,,zhangle.org,
,,zohomail.eu,
,,airbnb.com,
Brown University,brown.edu,alumni.brown.edu,bu.brown.edu
Appalachian State University,appstate.edu,appstate.edu,asu.appstate.edu
Aston University,aston.ac.uk,aston.ac.uk,au.aston.ac.uk
,,aubhik-khan.net,
,,bankofgreece.gr,
,,barcelona-ipeg.eu,
Bates College,bates.edu,bates.edu,bc.bates.edu
Binghamton University,binghamton.edu,binghamton.edu,bu.binghamton.edu
Boise State University,boisestate.edu,boisestate.edu,bsu.boisestate.edu
"University of California, Santa Barbara",ucsb.edu,bren.ucsb.edu,uocsb.ucsb.edu
Ball State University,bsu.edu,bsu.edu,bsu.bsu.edu
"California Polytechnic State University, San Luis Obispo",calpoly.edu,calpoly.edu,cpsuslo.calpoly.edu
Canisius College,canisius.edu,canisius.edu,cc.canisius.edu
University of Canterbury,canterbury.ac.nz,canterbury.ac.nz,uoc.canterbury.ac.nz
,,castle-craig.com,
北京大学,pku.edu.cn,ccer.pku.edu.cn,北.pku.edu.cn
,,ccsa.ufpb.br,
Citadel,citadel.edu,citadel.edu,c.citadel.edu
,,compasslexecon.com,
Chongqing University,cqu.edu.cn,cqu.edu.cn,cu.cqu.edu.cn
,,crimeresearch.org,
California State University East Bay,csueastbay.edu,csueastbay.edu,csueb.csueastbay.edu
Cleveland State University,csuohio.edu,csuohio.edu,csu.csuohio.edu
,,daviddfriedman.com,
,,davidreiley.com,
,,depeco.econo.unlp.edu.ar,
RWTH Aachen University,rwth-aachen.de,econ.rwth-aachen.de,rau.rwth-aachen.de
Clemson University,clemson.edu,g.clemson.edu,cu.clemson.edu
,,gallup.com,
Georgia Institute of Technology,gatech.edu,gatech.edu,giot.gatech.edu
City University of New York,cuny.edu,gc.cuny.edu,cuony.cuny.edu
Harvard University,harvard.edu,gse.harvard.edu,hu.harvard.edu
,,hainanu.edu.cn,
Hanyang University,hanyang.ac.kr,hanyang.ac.kr,hu.hanyang.ac.kr
,,hassler.se,
City University of New York,cuny.edu,hunter.cuny.edu,cuony.cuny.edu
,,iimb.ac.in,
,,imp.uran.ru,
,,ipade.mx,
Chonbuk National University,jbnu.ac.kr,jbnu.ac.kr,cnu.jbnu.ac.kr
,,jlem.com,
,,juliathomas.net,
Kyung Hee University,khu.ac.kr,khu.ac.kr,khu.khu.ac.kr
,,klevmarken.nu,
,,ktk.pte.hu,
Lafayette College,lafayette.edu,lafayette.edu,lc.lafayette.edu
Linnaeus University,lnu.se,lnu.se,lu.lnu.se
San Diego State University,sdsu.edu,mail.sdsu.edu,sdsu.sdsu.edu
University of Mannheim,uni-mannheim.de,mail.uni-mannheim.de,uom.uni-mannheim.de
University of Maine,maine.edu,maine.edu,uom.maine.edu
,,marketplatforms.com,
Syracuse University,syr.edu,maxwell.syr.edu,su.syr.edu
Colorado School of Mines,mines.edu,mines.edu,csom.mines.edu
,,nau.edu.cn,
"National University of Ireland, Maynooth",nuim.ie,nuim.ie,nuoim.nuim.ie
University of Alabama at Birmingham,uab.edu,peds.uab.edu,uoaab.uab.edu
,,pensionpolicycenter.org,
Kobe University,kobe-u.ac.jp,port.kobe-u.ac.jp,ku.kobe-u.ac.jp
,,precisionnumerics.com,
"University of California, Davis",ucdavis.edu,primal.ucdavis.edu,uocd.ucdavis.edu
,,pwc.com,
Qatar University,qu.edu.qa,qu.edu.qa,qu.qu.edu.qa
,,quiescent.co,
,,raf.rs,
RAND Corporation,rand.org,rand.org,rc.rand.org
,,rff.dk,
,,riksbank.se,
,,riped.utcc.ac.th,
,,robust-analytics.com,
上海交通大学,sjtu.edu.cn,sjtu.edu.cn,上.sjtu.edu.cn
Sungkyunkwan University,skku.edu,skku.edu,su.skku.edu
Smith College,smith.edu,smith.edu,sc.smith.edu
University of South Alabama,southalabama.edu,southalabama.edu,uosa.southalabama.edu
,,squarezresearch.com,
Stonehill College,stonehill.edu,stonehill.edu,sc.stonehill.edu
Swarthmore College,swarthmore.edu,swarthmore.edu,sc.swarthmore.edu
,,swisstph.ch,
Columbia University,columbia.edu,tc.columbia.edu,cu.columbia.edu
Eindhoven University of Technology,tue.nl,tue.nl,euot.tue.nl
,,uaeh.edu.mx,
Universiti Brunei Darussalam,ubd.edu.bn,ubd.edu.bn,ubd.ubd.edu.bn
University College Cork,ucc.ie,ucc.ie,ucc.ucc.ie
,,uib.eu,
University of Massachusetts Boston,umb.edu,umb.edu,uomb.umb.edu
"University of Maryland, Baltimore County",umbc.edu,umbc.edu,uombc.umbc.edu
Universiti Malaysia Kelantan,umk.edu.my,umk.edu.my,umk.umk.edu.my
National University of Colombia,unal.edu.co,unal.edu.co,nuoc.unal.edu.co
University of New Brunswick,unb.ca,unb.ca,uonb.unb.ca
,,unctad.org,
University of New Hampshire,unh.edu,unh.edu,uonh.unh.edu
Corvinus University of Budapest,uni-corvinus.hu,uni-corvinus.hu,cuob.uni-corvinus.hu
,,uni-koeln.de,
University of Pisa,unipi.it,unipi.it,uop.unipi.it
University of New Mexico,unm.edu,unm.edu,uonm.unm.edu
"University of Nevada, Reno",unr.edu,unr.edu,uonr.unr.edu
,,upjohn.org,
University of San Francisco,usfca.edu,usfca.edu,uosf.usfca.edu
University of Warsaw,uw.edu.pl,uw.edu.pl,uow.uw.edu.pl
,,vatt.fi,
Wabash College,wabash.edu,wabash.edu,wc.wabash.edu
University of Arkansas,uark.edu,walton.uark.edu,uoa.uark.edu
Stanford University,stanford.edu,zia.stanford.edu,su.stanford.edu
University of Adelaide,adelaide.edu.au,adelaide.edu.au,uoa.adelaide.edu.au
,,ankura.com,
Washington University in St. Louis,wustl.edu,artsci.wustl.edu,wuisl.wustl.edu
Oxford Brookes University,brookes.ac.uk,brookes.ac.uk,obu.brookes.ac.uk
,,cirano.qc.ca,
,,crai.com,
Curtin University,curtin.edu.au,curtin.edu.au,cu.curtin.edu.au
Eastern Mediterranean University,emu.edu.tr,emu.edu.tr,emu.emu.edu.tr
University of North Dakota,und.edu,engr.und.edu,uond.und.edu
,,estellejames.com,
Harvard University,harvard.edu,gsd.harvard.edu,hu.harvard.edu
ETH Zürich,ethz.ch,math.ethz.ch,ez.ethz.ch
,,niskanencenter.org,
"School of Oriental and African Studies, London",soas.ac.uk,soas.ac.uk,sooaasl.soas.ac.uk
Harvard University,harvard.edu,stat.harvard.edu,hu.harvard.edu
,,wedefineapps.com,
,,bot.or.th,
,,easternbank.com,
